[
   {
      "model": "admin.logentry",
      "fields": {
         "content_type": 7,
         "user": 1,
         "action_time": "2021-03-24T13:30:30.491Z",
         "action_flag": 1,
         "object_id": "1",
         "object_repr": "Edmund Kemper",
         "change_message": "[{\"added\": {}}]"
      },
      "pk": 1
   },
   {
      "pk": 2,
      "model": "admin.logentry",
      "fields": {
         "change_message": "[{\"added\": {}}]",
         "object_repr": "Holden Ford",
         "object_id": "2",
         "action_flag": 1,
         "action_time": "2021-03-24T13:31:08.848Z",
         "user": 1,
         "content_type": 7
      }
   },
   {
      "model": "admin.logentry",
      "fields": {
         "action_time": "2021-03-24T13:31:17.757Z",
         "action_flag": 1,
         "user": 1,
         "content_type": 7,
         "object_repr": "Rust Cohle",
         "change_message": "[{\"added\": {}}]",
         "object_id": "3"
      },
      "pk": 3
   },
   {
      "pk": 4,
      "model": "admin.logentry",
      "fields": {
         "user": 1,
         "content_type": 7,
         "action_time": "2021-03-24T13:31:26.702Z",
         "action_flag": 1,
         "object_id": "4",
         "change_message": "[{\"added\": {}}]",
         "object_repr": "Rhonda Pearlman"
      }
   },
   {
      "pk": 5,
      "fields": {
         "object_id": "5",
         "change_message": "[{\"added\": {}}]",
         "object_repr": "Omar Little",
         "content_type": 7,
         "user": 1,
         "action_time": "2021-03-24T13:31:35.980Z",
         "action_flag": 1
      },
      "model": "admin.logentry"
   },
   {
      "model": "admin.logentry",
      "fields": {
         "object_id": "6",
         "object_repr": "Ervin Burrell",
         "change_message": "[{\"added\": {}}]",
         "content_type": 7,
         "user": 1,
         "action_flag": 1,
         "action_time": "2021-03-24T13:31:44.723Z"
      },
      "pk": 6
   },
   {
      "pk": 7,
      "fields": {
         "object_id": "7",
         "change_message": "[{\"added\": {}}]",
         "object_repr": "Cedric Daniels",
         "user": 1,
         "content_type": 7,
         "action_flag": 1,
         "action_time": "2021-03-24T13:31:52.880Z"
      },
      "model": "admin.logentry"
   },
   {
      "fields": {
         "action_flag": 1,
         "action_time": "2021-03-24T13:32:01.394Z",
         "content_type": 7,
         "user": 1,
         "change_message": "[{\"added\": {}}]",
         "object_repr": "Frank Sobotka",
         "object_id": "8"
      },
      "model": "admin.logentry",
      "pk": 8
   },
   {
      "pk": 9,
      "fields": {
         "content_type": 7,
         "user": 1,
         "action_flag": 1,
         "action_time": "2021-03-24T13:32:10.450Z",
         "object_id": "9",
         "object_repr": "Proposition Joe",
         "change_message": "[{\"added\": {}}]"
      },
      "model": "admin.logentry"
   },
   {
      "model": "admin.logentry",
      "fields": {
         "action_time": "2021-03-24T13:32:19.627Z",
         "action_flag": 1,
         "user": 1,
         "content_type": 7,
         "object_repr": "Lester Freamon",
         "change_message": "[{\"added\": {}}]",
         "object_id": "10"
      },
      "pk": 10
   },
   {
      "model": "admin.logentry",
      "fields": {
         "object_repr": "Jimmy McNulty",
         "change_message": "[{\"added\": {}}]",
         "object_id": "11",
         "action_time": "2021-03-24T13:32:28.837Z",
         "action_flag": 1,
         "user": 1,
         "content_type": 7
      },
      "pk": 11
   },
   {
      "pk": 12,
      "fields": {
         "object_id": "12",
         "change_message": "[{\"added\": {}}]",
         "object_repr": "The Greek",
         "content_type": 7,
         "user": 1,
         "action_time": "2021-03-24T13:32:40.352Z",
         "action_flag": 1
      },
      "model": "admin.logentry"
   },
   {
      "fields": {
         "object_id": "13",
         "change_message": "[{\"added\": {}}]",
         "object_repr": "Brother Mouzone",
         "content_type": 7,
         "user": 1,
         "action_time": "2021-03-24T13:32:56.862Z",
         "action_flag": 1
      },
      "model": "admin.logentry",
      "pk": 13
   },
   {
      "fields": {
         "change_message": "[{\"added\": {}}]",
         "object_repr": "Marla Daniels",
         "object_id": "14",
         "action_flag": 1,
         "action_time": "2021-03-24T13:35:09.048Z",
         "content_type": 7,
         "user": 1
      },
      "model": "admin.logentry",
      "pk": 14
   },
   {
      "fields": {
         "action_flag": 1,
         "action_time": "2021-03-24T13:35:17.935Z",
         "user": 1,
         "content_type": 7,
         "object_repr": "Gavin Belson",
         "change_message": "[{\"added\": {}}]",
         "object_id": "15"
      },
      "model": "admin.logentry",
      "pk": 15
   },
   {
      "model": "admin.logentry",
      "fields": {
         "object_id": "16",
         "object_repr": "Michael Scott",
         "change_message": "[{\"added\": {}}]",
         "content_type": 7,
         "user": 1,
         "action_time": "2021-03-24T13:35:31.483Z",
         "action_flag": 1
      },
      "pk": 16
   },
   {
      "model": "admin.logentry",
      "fields": {
         "action_flag": 1,
         "action_time": "2021-03-24T13:35:40.378Z",
         "user": 1,
         "content_type": 7,
         "object_repr": "F. Tony",
         "change_message": "[{\"added\": {}}]",
         "object_id": "17"
      },
      "pk": 17
   },
   {
      "pk": 18,
      "model": "admin.logentry",
      "fields": {
         "object_id": "1",
         "object_repr": "Mindhunter",
         "change_message": "[{\"added\": {}}]",
         "content_type": 8,
         "user": 1,
         "action_time": "2021-03-24T13:36:26.216Z",
         "action_flag": 1
      }
   },
   {
      "pk": 19,
      "fields": {
         "user": 1,
         "content_type": 8,
         "action_time": "2021-03-24T13:36:34.136Z",
         "action_flag": 1,
         "object_id": "2",
         "change_message": "[{\"added\": {}}]",
         "object_repr": "True Detective"
      },
      "model": "admin.logentry"
   },
   {
      "pk": 20,
      "model": "admin.logentry",
      "fields": {
         "object_id": "3",
         "object_repr": "Soprano",
         "change_message": "[{\"added\": {}}]",
         "user": 1,
         "content_type": 8,
         "action_flag": 1,
         "action_time": "2021-03-24T13:36:41.872Z"
      }
   },
   {
      "fields": {
         "object_repr": "The Wire",
         "change_message": "[{\"added\": {}}]",
         "object_id": "4",
         "action_flag": 1,
         "action_time": "2021-03-24T13:36:49.748Z",
         "content_type": 8,
         "user": 1
      },
      "model": "admin.logentry",
      "pk": 21
   },
   {
      "pk": 22,
      "fields": {
         "content_type": 8,
         "user": 1,
         "action_time": "2021-03-24T13:36:57.902Z",
         "action_flag": 1,
         "object_id": "5",
         "change_message": "[{\"added\": {}}]",
         "object_repr": "Sillicon Valley"
      },
      "model": "admin.logentry"
   },
   {
      "pk": 23,
      "model": "admin.logentry",
      "fields": {
         "object_id": "6",
         "object_repr": "The Office",
         "change_message": "[{\"added\": {}}]",
         "user": 1,
         "content_type": 8,
         "action_flag": 1,
         "action_time": "2021-03-24T13:37:07.124Z"
      }
   },
   {
      "pk": 24,
      "fields": {
         "object_id": "7",
         "object_repr": "Space Force",
         "change_message": "[{\"added\": {}}]",
         "user": 1,
         "content_type": 8,
         "action_flag": 1,
         "action_time": "2021-03-24T13:37:14.488Z"
      },
      "model": "admin.logentry"
   },
   {
      "model": "admin.logentry",
      "fields": {
         "object_id": "1",
         "object_repr": "254196037",
         "change_message": "[{\"added\": {}}]",
         "user": 1,
         "content_type": 9,
         "action_time": "2021-03-24T13:42:18.251Z",
         "action_flag": 1
      },
      "pk": 25
   },
   {
      "pk": 26,
      "model": "admin.logentry",
      "fields": {
         "object_repr": "190865234",
         "change_message": "[{\"added\": {}}]",
         "object_id": "2",
         "action_time": "2021-03-24T13:43:20.376Z",
         "action_flag": 1,
         "content_type": 9,
         "user": 1
      }
   },
   {
      "fields": {
         "user": 1,
         "content_type": 9,
         "action_flag": 1,
         "action_time": "2021-03-24T13:44:44.216Z",
         "object_id": "3",
         "change_message": "[{\"added\": {}}]",
         "object_repr": "386029715"
      },
      "model": "admin.logentry",
      "pk": 27
   },
   {
      "model": "admin.logentry",
      "fields": {
         "action_time": "2021-03-24T16:39:02.590Z",
         "action_flag": 1,
         "content_type": 4,
         "user": 1,
         "change_message": "[{\"added\": {}}]",
         "object_repr": "faez",
         "object_id": "2"
      },
      "pk": 28
   },
   {
      "model": "admin.logentry",
      "fields": {
         "object_id": "2",
         "change_message": "[{\"changed\": {\"fields\": [\"Staff status\", \"Superuser status\"]}}]",
         "object_repr": "faez",
         "content_type": 4,
         "user": 1,
         "action_flag": 2,
         "action_time": "2021-03-24T16:40:51.483Z"
      },
      "pk": 29
   },
   {
      "pk": 1,
      "fields": {
         "content_type": 1,
         "name": "Can add log entry",
         "codename": "add_logentry"
      },
      "model": "auth.permission"
   },
   {
      "pk": 2,
      "model": "auth.permission",
      "fields": {
         "name": "Can change log entry",
         "content_type": 1,
         "codename": "change_logentry"
      }
   },
   {
      "pk": 3,
      "model": "auth.permission",
      "fields": {
         "name": "Can delete log entry",
         "content_type": 1,
         "codename": "delete_logentry"
      }
   },
   {
      "fields": {
         "name": "Can view log entry",
         "content_type": 1,
         "codename": "view_logentry"
      },
      "model": "auth.permission",
      "pk": 4
   },
   {
      "pk": 5,
      "fields": {
         "content_type": 2,
         "name": "Can add permission",
         "codename": "add_permission"
      },
      "model": "auth.permission"
   },
   {
      "pk": 6,
      "model": "auth.permission",
      "fields": {
         "codename": "change_permission",
         "content_type": 2,
         "name": "Can change permission"
      }
   },
   {
      "pk": 7,
      "model": "auth.permission",
      "fields": {
         "codename": "delete_permission",
         "content_type": 2,
         "name": "Can delete permission"
      }
   },
   {
      "pk": 8,
      "fields": {
         "codename": "view_permission",
         "name": "Can view permission",
         "content_type": 2
      },
      "model": "auth.permission"
   },
   {
      "pk": 9,
      "model": "auth.permission",
      "fields": {
         "name": "Can add group",
         "content_type": 3,
         "codename": "add_group"
      }
   },
   {
      "fields": {
         "codename": "change_group",
         "content_type": 3,
         "name": "Can change group"
      },
      "model": "auth.permission",
      "pk": 10
   },
   {
      "pk": 11,
      "model": "auth.permission",
      "fields": {
         "name": "Can delete group",
         "content_type": 3,
         "codename": "delete_group"
      }
   },
   {
      "pk": 12,
      "fields": {
         "name": "Can view group",
         "content_type": 3,
         "codename": "view_group"
      },
      "model": "auth.permission"
   },
   {
      "pk": 13,
      "model": "auth.permission",
      "fields": {
         "codename": "add_user",
         "name": "Can add user",
         "content_type": 4
      }
   },
   {
      "model": "auth.permission",
      "fields": {
         "content_type": 4,
         "name": "Can change user",
         "codename": "change_user"
      },
      "pk": 14
   },
   {
      "model": "auth.permission",
      "fields": {
         "codename": "delete_user",
         "content_type": 4,
         "name": "Can delete user"
      },
      "pk": 15
   },
   {
      "fields": {
         "content_type": 4,
         "name": "Can view user",
         "codename": "view_user"
      },
      "model": "auth.permission",
      "pk": 16
   },
   {
      "pk": 17,
      "model": "auth.permission",
      "fields": {
         "codename": "add_contenttype",
         "content_type": 5,
         "name": "Can add content type"
      }
   },
   {
      "pk": 18,
      "fields": {
         "codename": "change_contenttype",
         "name": "Can change content type",
         "content_type": 5
      },
      "model": "auth.permission"
   },
   {
      "fields": {
         "codename": "delete_contenttype",
         "name": "Can delete content type",
         "content_type": 5
      },
      "model": "auth.permission",
      "pk": 19
   },
   {
      "pk": 20,
      "model": "auth.permission",
      "fields": {
         "codename": "view_contenttype",
         "content_type": 5,
         "name": "Can view content type"
      }
   },
   {
      "fields": {
         "codename": "add_session",
         "content_type": 6,
         "name": "Can add session"
      },
      "model": "auth.permission",
      "pk": 21
   },
   {
      "model": "auth.permission",
      "fields": {
         "content_type": 6,
         "name": "Can change session",
         "codename": "change_session"
      },
      "pk": 22
   },
   {
      "fields": {
         "codename": "delete_session",
         "content_type": 6,
         "name": "Can delete session"
      },
      "model": "auth.permission",
      "pk": 23
   },
   {
      "pk": 24,
      "model": "auth.permission",
      "fields": {
         "codename": "view_session",
         "name": "Can view session",
         "content_type": 6
      }
   },
   {
      "pk": 25,
      "fields": {
         "name": "Can add role",
         "content_type": 7,
         "codename": "add_role"
      },
      "model": "auth.permission"
   },
   {
      "pk": 26,
      "fields": {
         "codename": "change_role",
         "name": "Can change role",
         "content_type": 7
      },
      "model": "auth.permission"
   },
   {
      "fields": {
         "name": "Can delete role",
         "content_type": 7,
         "codename": "delete_role"
      },
      "model": "auth.permission",
      "pk": 27
   },
   {
      "model": "auth.permission",
      "fields": {
         "codename": "view_role",
         "name": "Can view role",
         "content_type": 7
      },
      "pk": 28
   },
   {
      "model": "auth.permission",
      "fields": {
         "content_type": 8,
         "name": "Can add show",
         "codename": "add_show"
      },
      "pk": 29
   },
   {
      "fields": {
         "content_type": 8,
         "name": "Can change show",
         "codename": "change_show"
      },
      "model": "auth.permission",
      "pk": 30
   },
   {
      "pk": 31,
      "model": "auth.permission",
      "fields": {
         "codename": "delete_show",
         "content_type": 8,
         "name": "Can delete show"
      }
   },
   {
      "model": "auth.permission",
      "fields": {
         "codename": "view_show",
         "content_type": 8,
         "name": "Can view show"
      },
      "pk": 32
   },
   {
      "pk": 33,
      "model": "auth.permission",
      "fields": {
         "content_type": 9,
         "name": "Can add quote",
         "codename": "add_quote"
      }
   },
   {
      "fields": {
         "content_type": 9,
         "name": "Can change quote",
         "codename": "change_quote"
      },
      "model": "auth.permission",
      "pk": 34
   },
   {
      "model": "auth.permission",
      "fields": {
         "codename": "delete_quote",
         "name": "Can delete quote",
         "content_type": 9
      },
      "pk": 35
   },
   {
      "pk": 36,
      "model": "auth.permission",
      "fields": {
         "name": "Can view quote",
         "content_type": 9,
         "codename": "view_quote"
      }
   },
   {
      "fields": {
         "codename": "add_token",
         "content_type": 10,
         "name": "Can add Token"
      },
      "model": "auth.permission",
      "pk": 37
   },
   {
      "fields": {
         "codename": "change_token",
         "name": "Can change Token",
         "content_type": 10
      },
      "model": "auth.permission",
      "pk": 38
   },
   {
      "fields": {
         "name": "Can delete Token",
         "content_type": 10,
         "codename": "delete_token"
      },
      "model": "auth.permission",
      "pk": 39
   },
   {
      "pk": 40,
      "model": "auth.permission",
      "fields": {
         "name": "Can view Token",
         "content_type": 10,
         "codename": "view_token"
      }
   },
   {
      "fields": {
         "content_type": 11,
         "name": "Can add token",
         "codename": "add_tokenproxy"
      },
      "model": "auth.permission",
      "pk": 41
   },
   {
      "pk": 42,
      "fields": {
         "codename": "change_tokenproxy",
         "name": "Can change token",
         "content_type": 11
      },
      "model": "auth.permission"
   },
   {
      "fields": {
         "codename": "delete_tokenproxy",
         "name": "Can delete token",
         "content_type": 11
      },
      "model": "auth.permission",
      "pk": 43
   },
   {
      "pk": 44,
      "fields": {
         "codename": "view_tokenproxy",
         "content_type": 11,
         "name": "Can view token"
      },
      "model": "auth.permission"
   },
   {
      "fields": {
         "codename": "add_blacklistedtoken",
         "name": "Can add blacklisted token",
         "content_type": 12
      },
      "model": "auth.permission",
      "pk": 45
   },
   {
      "fields": {
         "name": "Can change blacklisted token",
         "content_type": 12,
         "codename": "change_blacklistedtoken"
      },
      "model": "auth.permission",
      "pk": 46
   },
   {
      "pk": 47,
      "model": "auth.permission",
      "fields": {
         "content_type": 12,
         "name": "Can delete blacklisted token",
         "codename": "delete_blacklistedtoken"
      }
   },
   {
      "pk": 48,
      "fields": {
         "name": "Can view blacklisted token",
         "content_type": 12,
         "codename": "view_blacklistedtoken"
      },
      "model": "auth.permission"
   },
   {
      "pk": 49,
      "fields": {
         "codename": "add_outstandingtoken",
         "content_type": 13,
         "name": "Can add outstanding token"
      },
      "model": "auth.permission"
   },
   {
      "pk": 50,
      "fields": {
         "content_type": 13,
         "name": "Can change outstanding token",
         "codename": "change_outstandingtoken"
      },
      "model": "auth.permission"
   },
   {
      "fields": {
         "name": "Can delete outstanding token",
         "content_type": 13,
         "codename": "delete_outstandingtoken"
      },
      "model": "auth.permission",
      "pk": 51
   },
   {
      "pk": 52,
      "model": "auth.permission",
      "fields": {
         "name": "Can view outstanding token",
         "content_type": 13,
         "codename": "view_outstandingtoken"
      }
   },
   {
      "pk": 53,
      "model": "auth.permission",
      "fields": {
         "name": "Can add visit",
         "content_type": 14,
         "codename": "add_visit"
      }
   },
   {
      "fields": {
         "codename": "change_visit",
         "name": "Can change visit",
         "content_type": 14
      },
      "model": "auth.permission",
      "pk": 54
   },
   {
      "model": "auth.permission",
      "fields": {
         "codename": "delete_visit",
         "name": "Can delete visit",
         "content_type": 14
      },
      "pk": 55
   },
   {
      "pk": 56,
      "fields": {
         "name": "Can view visit",
         "content_type": 14,
         "codename": "view_visit"
      },
      "model": "auth.permission"
   },
   {
      "model": "auth.user",
      "fields": {
         "is_active": true,
         "first_name": "",
         "groups": [],
         "password": "pbkdf2_sha256$216000$UzFwxo9PLtnc$fWhJA9cV+Hoha8bc3Hsut+PAvrOPhZJ0X4stYWutfKg=",
         "user_permissions": [],
         "date_joined": "2021-03-24T13:17:02.574Z",
         "is_superuser": true,
         "username": "faran",
         "last_name": "",
         "is_staff": true,
         "last_login": "2021-04-08T19:21:43.999Z",
         "email": "farantgh@gmail.com"
      },
      "pk": 1
   },
   {
      "fields": {
         "password": "pbkdf2_sha256$216000$awcmBDIw6lpQ$sAzFK/2IpHM4HxR/av9q75P8aGl1VB85NtGTBJDPDMs=",
         "user_permissions": [],
         "is_active": true,
         "first_name": "",
         "groups": [],
         "email": "",
         "last_name": "",
         "is_staff": true,
         "last_login": null,
         "is_superuser": true,
         "date_joined": "2021-03-24T16:39:02Z",
         "username": "faez"
      },
      "model": "auth.user",
      "pk": 2
   },
   {
      "pk": "bilroyzhsi8m7r234odeqrr1c20dvylc",
      "model": "sessions.session",
      "fields": {
         "session_data": ".eJxVjEEOwiAQRe_C2pCBjhRcuvcMBJhBqgaS0q6Md7dNutDtf-_9t_BhXYpfO89-InERSpx-txjSk-sO6BHqvcnU6jJPUe6KPGiXt0b8uh7u30EJvWz1OKhMmDNZAw4sQwQ1MFjSCJSzJhsYcROMRs4GNLg4OErsRsNnJPH5AuXDOA0:1lUaDo:hMAdtegeiYGhk28iBa882FV4u6RCNICZOKWppx9QM8U",
         "expire_date": "2021-04-22T19:21:44.006Z"
      }
   },
   {
      "pk": "f9ufthp4sc0hmm3fse5t4enpno20c9dr",
      "model": "sessions.session",
      "fields": {
         "session_data": ".eJxVjEEOwiAQRe_C2pCBjhRcuvcMBJhBqgaS0q6Md7dNutDtf-_9t_BhXYpfO89-InERSpx-txjSk-sO6BHqvcnU6jJPUe6KPGiXt0b8uh7u30EJvWz1OKhMmDNZAw4sQwQ1MFjSCJSzJhsYcROMRs4GNLg4OErsRsNnJPH5AuXDOA0:1lP3Wo:8WGIZbz-9mp21jfNQRUbx0rAauvu3m1W_U2b_uEZKYE",
         "expire_date": "2021-04-07T13:26:30.165Z"
      }
   },
   {
      "pk": 1,
      "fields": {
         "name": "Mindhunter",
         "slug": "mindhunter"
      },
      "model": "api.show"
   },
   {
      "fields": {
         "slug": "true-detective",
         "name": "True Detective"
      },
      "model": "api.show",
      "pk": 2
   },
   {
      "fields": {
         "slug": "soprano",
         "name": "Soprano"
      },
      "model": "api.show",
      "pk": 3
   },
   {
      "pk": 4,
      "fields": {
         "slug": "the-wire",
         "name": "The Wire"
      },
      "model": "api.show"
   },
   {
      "pk": 5,
      "model": "api.show",
      "fields": {
         "slug": "sillicon-valley",
         "name": "Sillicon Valley"
      }
   },
   {
      "fields": {
         "name": "The Office",
         "slug": "the-office"
      },
      "model": "api.show",
      "pk": 6
   },
   {
      "model": "api.show",
      "fields": {
         "slug": "space-force",
         "name": "Space Force"
      },
      "pk": 7
   },
   {
      "fields": {
         "slug": "fargo",
         "name": "Fargo"
      },
      "model": "api.show",
      "pk": 8
   },
   {
      "fields": {
         "name": "Fargo S04",
         "slug": "fargo-s04"
      },
      "model": "api.show",
      "pk": 9
   },
   {
      "pk": 10,
      "fields": {
         "slug": "fargo-s03",
         "name": "Fargo S03"
      },
      "model": "api.show"
   },
   {
      "pk": 11,
      "fields": {
         "name": "Ozark",
         "slug": "ozark"
      },
      "model": "api.show"
   },
   {
      "fields": {
         "slug": "lucifer",
         "name": "Lucifer"
      },
      "model": "api.show",
      "pk": 12
   },
   {
      "pk": 13,
      "fields": {
         "slug": "american-psycho",
         "name": "American Psycho"
      },
      "model": "api.show"
   },
   {
      "fields": {
         "name": "The Machinist",
         "slug": "the-machinist"
      },
      "model": "api.show",
      "pk": 14
   },
   {
      "fields": {
         "slug": "god-father",
         "name": "God Father"
      },
      "model": "api.show",
      "pk": 15
   },
   {
      "fields": {
         "slug": "the-silence-of-the-lambs",
         "name": "The Silence Of The Lambs"
      },
      "model": "api.show",
      "pk": 16
   },
   {
      "pk": 17,
      "model": "api.show",
      "fields": {
         "slug": "forrest-gump",
         "name": "Forrest Gump"
      }
   },
   {
      "model": "api.show",
      "fields": {
         "name": "Spiral From The Book Of Saw",
         "slug": "spiral-from-the-book-of-saw"
      },
      "pk": 18
   },
   {
      "pk": 1,
      "fields": {
         "name": "Edmund Kemper",
         "slug": "edmund-kemper"
      },
      "model": "api.role"
   },
   {
      "model": "api.role",
      "fields": {
         "name": "Holden Ford",
         "slug": "holden-ford"
      },
      "pk": 2
   },
   {
      "pk": 3,
      "fields": {
         "name": "Rust Cohle",
         "slug": "rust-cohle"
      },
      "model": "api.role"
   },
   {
      "fields": {
         "name": "Rhonda Pearlman",
         "slug": "rhonda-pearlman"
      },
      "model": "api.role",
      "pk": 4
   },
   {
      "fields": {
         "slug": "omar-little",
         "name": "Omar Little"
      },
      "model": "api.role",
      "pk": 5
   },
   {
      "fields": {
         "name": "Ervin Burrell",
         "slug": "ervin-burrell"
      },
      "model": "api.role",
      "pk": 6
   },
   {
      "pk": 7,
      "fields": {
         "name": "Cedric Daniels",
         "slug": "cedric-daniels"
      },
      "model": "api.role"
   },
   {
      "model": "api.role",
      "fields": {
         "name": "Frank Sobotka",
         "slug": "frank-sobotka"
      },
      "pk": 8
   },
   {
      "pk": 9,
      "model": "api.role",
      "fields": {
         "slug": "proposition-joe",
         "name": "Proposition Joe"
      }
   },
   {
      "pk": 10,
      "fields": {
         "name": "Lester Freamon",
         "slug": "lester-freamon"
      },
      "model": "api.role"
   },
   {
      "pk": 11,
      "fields": {
         "name": "Jimmy McNulty",
         "slug": "jimmy-mcnulty"
      },
      "model": "api.role"
   },
   {
      "model": "api.role",
      "fields": {
         "slug": "the-greek",
         "name": "The Greek"
      },
      "pk": 12
   },
   {
      "model": "api.role",
      "fields": {
         "slug": "brother-mouzone",
         "name": "Brother Mouzone"
      },
      "pk": 13
   },
   {
      "fields": {
         "slug": "marla-daniels",
         "name": "Marla Daniels"
      },
      "model": "api.role",
      "pk": 14
   },
   {
      "fields": {
         "name": "Gavin Belson",
         "slug": "gavin-belson"
      },
      "model": "api.role",
      "pk": 15
   },
   {
      "pk": 16,
      "model": "api.role",
      "fields": {
         "name": "Michael Scott",
         "slug": "michael-scott"
      }
   },
   {
      "fields": {
         "slug": "f-tony",
         "name": "F. Tony"
      },
      "model": "api.role",
      "pk": 17
   },
   {
      "pk": 18,
      "fields": {
         "name": "Jimmy Mcnulty",
         "slug": "jimmy-mcnulty"
      },
      "model": "api.role"
   },
   {
      "fields": {
         "name": "Ethelrida Smutney",
         "slug": "ethelrida-smutney"
      },
      "model": "api.role",
      "pk": 19
   },
   {
      "model": "api.role",
      "fields": {
         "slug": "oraetta-mayflower",
         "name": "Oraetta Mayflower"
      },
      "pk": 20
   },
   {
      "model": "api.role",
      "fields": {
         "slug": "zelmare",
         "name": "Zelmare"
      },
      "pk": 21
   },
   {
      "pk": 22,
      "model": "api.role",
      "fields": {
         "slug": "josta-fadda",
         "name": "Josta Fadda"
      }
   },
   {
      "model": "api.role",
      "fields": {
         "slug": "deafy-wickware",
         "name": "Deafy Wickware"
      },
      "pk": 23
   },
   {
      "pk": 24,
      "model": "api.role",
      "fields": {
         "name": "Emmit Stussy",
         "slug": "emmit-stussy"
      }
   },
   {
      "pk": 25,
      "model": "api.role",
      "fields": {
         "slug": "nikki-swango",
         "name": "Nikki Swango"
      }
   },
   {
      "model": "api.role",
      "fields": {
         "slug": "gloria-burgle",
         "name": "Gloria Burgle"
      },
      "pk": 26
   },
   {
      "fields": {
         "slug": "camino-del-rio",
         "name": "Camino Del Rio"
      },
      "model": "api.role",
      "pk": 27
   },
   {
      "pk": 28,
      "model": "api.role",
      "fields": {
         "name": "Ruth Langmore",
         "slug": "ruth-langmore"
      }
   },
   {
      "pk": 29,
      "fields": {
         "name": "Jacob Snell",
         "slug": "jacob-snell"
      },
      "model": "api.role"
   },
   {
      "pk": 30,
      "model": "api.role",
      "fields": {
         "slug": "mason-young",
         "name": "Mason Young"
      }
   },
   {
      "fields": {
         "slug": "wendy-byrde",
         "name": "Wendy Byrde"
      },
      "model": "api.role",
      "pk": 31
   },
   {
      "fields": {
         "name": "Grace Young",
         "slug": "grace-young"
      },
      "model": "api.role",
      "pk": 32
   },
   {
      "pk": 33,
      "fields": {
         "name": "Buddy Dyker",
         "slug": "buddy-dyker"
      },
      "model": "api.role"
   },
   {
      "model": "api.role",
      "fields": {
         "slug": "lucifer",
         "name": "Lucifer"
      },
      "pk": 34
   },
   {
      "pk": 35,
      "model": "api.role",
      "fields": {
         "name": "Chloe Decker",
         "slug": "chloe-decker"
      }
   },
   {
      "model": "api.role",
      "fields": {
         "name": "Linda Martin",
         "slug": "linda-martin"
      },
      "pk": 36
   },
   {
      "fields": {
         "name": "Ella Lopez",
         "slug": "ella-lopez"
      },
      "model": "api.role",
      "pk": 37
   },
   {
      "pk": 38,
      "model": "api.role",
      "fields": {
         "slug": "dan-espinoza",
         "name": "Dan Espinoza"
      }
   },
   {
      "pk": 39,
      "model": "api.role",
      "fields": {
         "slug": "patrick-bateman",
         "name": "Patrick Bateman"
      }
   },
   {
      "pk": 40,
      "fields": {
         "slug": "ivan-trevor-reznik",
         "name": "Ivan-Trevor Reznik"
      },
      "model": "api.role"
   },
   {
      "model": "api.role",
      "fields": {
         "slug": "richard-hendricks",
         "name": "Richard Hendricks"
      },
      "pk": 41
   },
   {
      "pk": 42,
      "model": "api.role",
      "fields": {
         "name": "Erlich Bachman",
         "slug": "erlich-bachman"
      }
   },
   {
      "model": "api.role",
      "fields": {
         "name": "Stanley",
         "slug": "stanley"
      },
      "pk": 43
   },
   {
      "pk": 44,
      "model": "api.role",
      "fields": {
         "slug": "don-vito-corleone",
         "name": "Don Vito Corleone"
      }
   },
   {
      "pk": 45,
      "fields": {
         "slug": "hannibal-lecter",
         "name": "Hannibal Lecter"
      },
      "model": "api.role"
   },
   {
      "pk": 46,
      "model": "api.role",
      "fields": {
         "slug": "forrest-gump",
         "name": "Forrest Gump"
      }
   },
   {
      "pk": 47,
      "fields": {
         "name": "Michael Corleone",
         "slug": "michael-corleone"
      },
      "model": "api.role"
   },
   {
      "pk": 48,
      "model": "api.role",
      "fields": {
         "slug": "zeke-banks",
         "name": "Zeke Banks"
      }
   },
   {
      "model": "api.quote",
      "fields": {
         "key": "254196037",
         "quote": "Now you make sure you tell old Marlo I burned the money. 'Cause it ain't about that paper. It's about me hurtin' his people and messin' with his world. Tell that boy he ain't man enough to come down to the street with Omar. You tell him that!",
         "role": 5,
         "show": 4,
         "contain_adult_lang": false
      },
      "pk": 1
   },
   {
      "model": "api.quote",
      "fields": {
         "role": 5,
         "show": 4,
         "quote": "Man, money ain't got no owners. Only spenders.",
         "key": "190865234",
         "contain_adult_lang": false
      },
      "pk": 2
   },
   {
      "pk": 3,
      "fields": {
         "quote": "We used to make shit in this country, build shit. Now we just stick our hand in the next guy\u2019s pocket.",
         "key": "386029715",
         "role": 8,
         "show": 4,
         "contain_adult_lang": false
      },
      "model": "api.quote"
   },
   {
      "pk": 4,
      "fields": {
         "role": 9,
         "show": 4,
         "key": "536027189",
         "quote": "Wanna know what kills more police than bullets and liquor? Boredom. They just can\u2019t handle that shit. You keep it boring, String. You keep it dead fucking boring.",
         "contain_adult_lang": false
      },
      "model": "api.quote"
   },
   {
      "model": "api.quote",
      "fields": {
         "quote": "Well, You Know What They Say: \u2018Stupid Criminal Make Stupid Cops. Im Proud To Be Chasing This Guy.",
         "key": "019354678",
         "role": 18,
         "show": 4,
         "contain_adult_lang": false
      },
      "pk": 5
   },
   {
      "pk": 6,
      "model": "api.quote",
      "fields": {
         "role": 5,
         "show": 4,
         "quote": "Just like you man, I Got The Shotgun. You Got The Briefcase. It\u2019s All In The Game, Though, Right?",
         "key": "741293506",
         "contain_adult_lang": false
      }
   },
   {
      "fields": {
         "quote": "You know what the most dangerous thing in America is, right? Nigga with a library card.",
         "key": "196538207",
         "show": 4,
         "role": 13,
         "contain_adult_lang": false
      },
      "model": "api.quote",
      "pk": 7
   },
   {
      "fields": {
         "key": "396280174",
         "quote": "Lambs go to slaughter. A man, he learns when to walk away.",
         "role": 12,
         "show": 4,
         "contain_adult_lang": false
      },
      "model": "api.quote",
      "pk": 8
   },
   {
      "pk": 9,
      "fields": {
         "key": "731625049",
         "quote": "If the Gods are fucking you, you find a way to fuck them back.",
         "show": 4,
         "role": 6,
         "contain_adult_lang": false
      },
      "model": "api.quote"
   },
   {
      "pk": 10,
      "fields": {
         "quote": "The game is rigged, but you cannot lose if you do not play.",
         "key": "542083971",
         "role": 14,
         "show": 4,
         "contain_adult_lang": false
      },
      "model": "api.quote"
   },
   {
      "pk": 11,
      "model": "api.quote",
      "fields": {
         "role": 10,
         "show": 4,
         "quote": "I don't wanna go to no dance unless I can rub some tit.",
         "key": "478619203",
         "contain_adult_lang": false
      }
   },
   {
      "model": "api.quote",
      "fields": {
         "role": 4,
         "show": 4,
         "key": "914732608",
         "quote": "What is the worst thing on a woman? A drunken Irishman.",
         "contain_adult_lang": false
      },
      "pk": 12
   },
   {
      "pk": 13,
      "model": "api.quote",
      "fields": {
         "quote": "We are Building Something, Here, Detective, We are Building It From Scratch. All The Pieces Matter.",
         "key": "594731086",
         "role": 10,
         "show": 4,
         "contain_adult_lang": false
      }
   },
   {
      "fields": {
         "role": 7,
         "show": 4,
         "key": "589276130",
         "quote": "There aint nothing you fear more than a bad headline, now, is there? You would rather live in shit than let the world see you work a shovel.",
         "contain_adult_lang": false
      },
      "model": "api.quote",
      "pk": 14
   },
   {
      "fields": {
         "key": "549218763",
         "quote": "Its Thursday and its past noon. Thursday is one of my days off. On my days off I start drinking at noon. You dont get to interrupt that.",
         "role": 3,
         "show": 2,
         "contain_adult_lang": false
      },
      "model": "api.quote",
      "pk": 15
   },
   {
      "pk": 16,
      "model": "api.quote",
      "fields": {
         "quote": "People out here, its like they dont even know the outside world exists. Might as well be living on the fucking moon.",
         "key": "849073256",
         "show": 2,
         "role": 3,
         "contain_adult_lang": false
      }
   },
   {
      "fields": {
         "key": "061345892",
         "quote": "There is no such thing as forgiveness. People just have short memories.",
         "show": 2,
         "role": 3,
         "contain_adult_lang": false
      },
      "model": "api.quote",
      "pk": 17
   },
   {
      "model": "api.quote",
      "fields": {
         "role": 3,
         "show": 2,
         "quote": "I contemplate the moment in the garden, the idea of allowing your own crucifixion.",
         "key": "016738549",
         "contain_adult_lang": false
      },
      "pk": 18
   },
   {
      "pk": 19,
      "fields": {
         "show": 2,
         "role": 3,
         "key": "820751364",
         "quote": "And you could just let go. Finally know that you didnt have to hold on so tight.",
         "contain_adult_lang": false
      },
      "model": "api.quote"
   },
   {
      "pk": 20,
      "fields": {
         "key": "719085623",
         "quote": "Lifes barely long enough to get good at one thing. So be careful what you get good at.",
         "show": 2,
         "role": 3,
         "contain_adult_lang": false
      },
      "model": "api.quote"
   },
   {
      "pk": 21,
      "model": "api.quote",
      "fields": {
         "key": "549026817",
         "quote": "I dont sleep. I just dream.",
         "show": 2,
         "role": 3,
         "contain_adult_lang": false
      }
   },
   {
      "model": "api.quote",
      "fields": {
         "quote": "Death created time to grow the things that it would kill.",
         "key": "761584029",
         "show": 2,
         "role": 3,
         "contain_adult_lang": false
      },
      "pk": 22
   },
   {
      "pk": 23,
      "fields": {
         "quote": "Its easier to ask for forgiveness than permission.",
         "key": "247510689",
         "show": 1,
         "role": 2,
         "contain_adult_lang": false
      },
      "model": "api.quote"
   },
   {
      "pk": 24,
      "fields": {
         "role": 2,
         "show": 1,
         "key": "510638924",
         "quote": "You want truffles, you gotta get in the dirt with the pigs.",
         "contain_adult_lang": false
      },
      "model": "api.quote"
   },
   {
      "fields": {
         "role": 1,
         "show": 1,
         "key": "325408176",
         "quote": "Women are born with this little hole between their legs, which every man on earth just wants to stick something into. And they are weaker than men, so they learn strategies. They deploy their minds and their sex, and they intuitively learn to humiliate.",
         "contain_adult_lang": false
      },
      "model": "api.quote",
      "pk": 25
   },
   {
      "pk": 26,
      "fields": {
         "role": 15,
         "show": 5,
         "quote": "Its weird. They always travel in groups of five. These programmers, there is always a tall skinny white guy, a short skinny Asian guy, fat guy with a ponytail, some guy with crazy facial hair and then an East Indian guy. Its like they trade guys until they all have the right group.",
         "key": "145096872",
         "contain_adult_lang": false
      },
      "model": "api.quote"
   },
   {
      "pk": 27,
      "fields": {
         "quote": "Would I rather be feared or loved? Easy. Both. I want people to be afraid of how much they love me.",
         "key": "904215876",
         "show": 6,
         "role": 16,
         "contain_adult_lang": false
      },
      "model": "api.quote"
   },
   {
      "fields": {
         "key": "480653217",
         "quote": "Scientists Are Weird. It's Why You're The Only Muppet That Speaks Nonsense. Even Animal Uses Words.",
         "show": 7,
         "role": 17,
         "contain_adult_lang": false
      },
      "model": "api.quote",
      "pk": 28
   },
   {
      "pk": 29,
      "model": "api.quote",
      "fields": {
         "key": "308657142",
         "quote": "Ask Yourself, Who Writes The Books? Who Chooses What We Remember And What Gets Forgotten?",
         "role": 19,
         "show": 9,
         "contain_adult_lang": false
      }
   },
   {
      "pk": 30,
      "model": "api.quote",
      "fields": {
         "quote": "Can You Shoot Him First So I Can Watch?",
         "key": "490267851",
         "show": 9,
         "role": 20,
         "contain_adult_lang": false
      }
   },
   {
      "pk": 31,
      "fields": {
         "show": 9,
         "role": 21,
         "quote": "Ain't Nothing Organized About Our Crime 'Cause Our Crime Is Freedom.",
         "key": "184309756",
         "contain_adult_lang": false
      },
      "model": "api.quote"
   },
   {
      "fields": {
         "key": "328547960",
         "quote": "You Know Why America Loves A Crime Story? Because America Is A Crime Story.",
         "show": 9,
         "role": 22,
         "contain_adult_lang": false
      },
      "model": "api.quote",
      "pk": 32
   },
   {
      "pk": 33,
      "fields": {
         "quote": "You Want To Die Like A Man, You Got To Live Like A Man.",
         "key": "230657198",
         "show": 9,
         "role": 23,
         "contain_adult_lang": false
      },
      "model": "api.quote"
   },
   {
      "pk": 34,
      "model": "api.quote",
      "fields": {
         "role": 24,
         "show": 10,
         "key": "035287941",
         "quote": "A Lie's Not A Lie If You Believe It's True.",
         "contain_adult_lang": false
      }
   },
   {
      "pk": 35,
      "model": "api.quote",
      "fields": {
         "quote": "Remember, Richest Guy In The Room Is Always The Boss",
         "key": "526174038",
         "show": 10,
         "role": 25,
         "contain_adult_lang": false
      }
   },
   {
      "fields": {
         "key": "037642591",
         "quote": "I Got This Theory, In Private, That I Don't Actually Exist.",
         "show": 10,
         "role": 26,
         "contain_adult_lang": false
      },
      "model": "api.quote",
      "pk": 36
   },
   {
      "pk": 37,
      "model": "api.quote",
      "fields": {
         "key": "578963421",
         "quote": "A man who only talks business is a failure in all aspects of life.",
         "show": 11,
         "role": 27,
         "contain_adult_lang": false
      }
   },
   {
      "pk": 38,
      "model": "api.quote",
      "fields": {
         "show": 11,
         "role": 28,
         "quote": "If I was kidding, I would\u2019ve said you\u2019re witty and handsome.",
         "key": "720816345",
         "contain_adult_lang": false
      }
   },
   {
      "pk": 39,
      "fields": {
         "show": 11,
         "role": 29,
         "key": "451803297",
         "quote": "Tricky thing, combining work and marriage, but a blessing when it works.",
         "contain_adult_lang": false
      },
      "model": "api.quote"
   },
   {
      "fields": {
         "quote": "Too much talk and words lose their meaning.",
         "key": "546130289",
         "show": 11,
         "role": 29,
         "contain_adult_lang": false
      },
      "model": "api.quote",
      "pk": 40
   },
   {
      "fields": {
         "role": 30,
         "show": 11,
         "quote": "The bite of the apple was not the original sin. Lucifer\u2019s fall was.",
         "key": "145396782",
         "contain_adult_lang": false
      },
      "model": "api.quote",
      "pk": 41
   },
   {
      "fields": {
         "role": 31,
         "show": 11,
         "key": "385064217",
         "quote": "Always better to be the person holding the gun than the one running from the gunman.",
         "contain_adult_lang": false
      },
      "model": "api.quote",
      "pk": 42
   },
   {
      "fields": {
         "role": 32,
         "show": 11,
         "quote": "God wasn\u2019t protecting you. The kid had shitty aim.",
         "key": "895674031",
         "contain_adult_lang": false
      },
      "model": "api.quote",
      "pk": 43
   },
   {
      "model": "api.quote",
      "fields": {
         "quote": "When you think you\u2019re gonna die yesterday, today is sweet.",
         "key": "650924178",
         "role": 33,
         "show": 11,
         "contain_adult_lang": false
      },
      "pk": 44
   },
   {
      "pk": 45,
      "model": "api.quote",
      "fields": {
         "quote": "best thing to do is always to follow your greatest desire.",
         "key": "970235168",
         "role": 34,
         "show": 12,
         "contain_adult_lang": false
      }
   },
   {
      "pk": 46,
      "fields": {
         "role": 34,
         "show": 12,
         "quote": "People don\u2019t have power over us. We give it to them.",
         "key": "672859034",
         "contain_adult_lang": false
      },
      "model": "api.quote"
   },
   {
      "fields": {
         "key": "168493205",
         "quote": "[About Hell] \u201cYou send yourselves. Driven down by your own guilt. Forcing yourselves to relive your sins over and over. And the best part\u2026the doors aren\u2019t locked. You could leave anytime. It says something that no one ever does, doesn\u2019t it?\u201d",
         "role": 34,
         "show": 12,
         "contain_adult_lang": false
      },
      "model": "api.quote",
      "pk": 47
   },
   {
      "fields": {
         "quote": "We can\u2019t control what happens to us only how it affects us and the choices we make.",
         "key": "689054712",
         "role": 35,
         "show": 12,
         "contain_adult_lang": false
      },
      "model": "api.quote",
      "pk": 48
   },
   {
      "pk": 49,
      "model": "api.quote",
      "fields": {
         "key": "294831765",
         "quote": "Sometimes we need to lose something to understand its value.",
         "role": 36,
         "show": 12,
         "contain_adult_lang": false
      }
   },
   {
      "pk": 50,
      "model": "api.quote",
      "fields": {
         "key": "670198345",
         "quote": "I mean, God works in mysterious ways. So you just got to believe that when He crushes your nuts, He does it for a reason.",
         "show": 12,
         "role": 37,
         "contain_adult_lang": false
      }
   },
   {
      "fields": {
         "quote": "No one expects you to change overnight. It\u2019s hard to be one of the good guys. Look, I screw up, too. I\u2019ve made plenty of mistakes believe me. But I don\u2019t quit\u2026 and I know that counts for something. At least you\u2019re trying, right?",
         "key": "923851764",
         "show": 12,
         "role": 38,
         "contain_adult_lang": false
      },
      "model": "api.quote",
      "pk": 51
   },
   {
      "pk": 52,
      "fields": {
         "key": "572819063",
         "quote": "There are no girls with good personalities.",
         "role": 39,
         "show": 13,
         "contain_adult_lang": false
      },
      "model": "api.quote"
   },
   {
      "pk": 53,
      "model": "api.quote",
      "fields": {
         "role": 39,
         "show": 13,
         "quote": "ou can always be thinner, look better",
         "key": "687019325",
         "contain_adult_lang": false
      }
   },
   {
      "model": "api.quote",
      "fields": {
         "show": 13,
         "role": 39,
         "quote": "I think if you stay, something bad will happen. I think I might hurt you.",
         "key": "753901864",
         "contain_adult_lang": false
      },
      "pk": 54
   },
   {
      "pk": 55,
      "fields": {
         "key": "276091485",
         "quote": "I\u2019m just a happy camper! Rockin' and a rollin\u2019!",
         "show": 13,
         "role": 39,
         "contain_adult_lang": false
      },
      "model": "api.quote"
   },
   {
      "model": "api.quote",
      "fields": {
         "key": "709164285",
         "quote": "Trevor Reznik: Stevie, I haven't slept in a year.\nStevie: Jesus Christ!\nTrevor Reznik: I tried him too.",
         "show": 14,
         "role": 40,
         "contain_adult_lang": false
      },
      "pk": 56
   },
   {
      "pk": 57,
      "model": "api.quote",
      "fields": {
         "quote": "So, with some proper funding, we should be able to get a functioning beta in time for CES. And if you do not fund us, you are a fucking slut. Ah. What's that smell? Is that a fart? You Are you a farter? Now, can I have a pastry? Or are you guys gonna eat em all? 'Cause you are gonna get fat.",
         "key": "524861037",
         "role": 41,
         "show": 5,
         "contain_adult_lang": false
      }
   },
   {
      "model": "api.quote",
      "fields": {
         "role": 42,
         "show": 5,
         "quote": "One of you is the least attractive person Ive ever seen, and Im not gonna say who.",
         "key": "803975416",
         "contain_adult_lang": false
      },
      "pk": 58
   },
   {
      "model": "api.quote",
      "fields": {
         "quote": "have you lost your mind cause i'll help you find it",
         "key": "763421980",
         "role": 43,
         "show": 6,
         "contain_adult_lang": false
      },
      "pk": 59
   },
   {
      "fields": {
         "key": "286931075",
         "quote": "I'm gonna make him an offer he can't refuse.",
         "role": 44,
         "show": 15,
         "contain_adult_lang": false
      },
      "model": "api.quote",
      "pk": 60
   },
   {
      "pk": 61,
      "fields": {
         "quote": "A census taker once tried to test me. I ate his liver with some fava beans and a nice Chianti.",
         "key": "894021376",
         "show": 16,
         "role": 45,
         "contain_adult_lang": false
      },
      "model": "api.quote"
   },
   {
      "pk": 62,
      "model": "api.quote",
      "fields": {
         "role": 46,
         "show": 17,
         "quote": "My mama always said life was like a box of chocolates. You never know what you're gonna get.",
         "key": "459102378",
         "contain_adult_lang": false
      }
   },
   {
      "fields": {
         "show": 15,
         "role": 47,
         "quote": "Keep your friends close, but your enemies closer.",
         "key": "829736510",
         "contain_adult_lang": false
      },
      "model": "api.quote",
      "pk": 63
   },
   {
      "fields": {
         "key": "386541297",
         "quote": "you can ride a lot of dick before dusk",
         "show": 18,
         "role": 48,
         "contain_adult_lang": false
      },
      "model": "api.quote",
      "pk": 64
   },
   {
      "pk": 1,
      "fields": {
         "ips": {
            "193.148.18.78": 10,
            "62.102.137.84": 3
         },
         "visits": 13,
         "date": "2021-03-27"
      },
      "model": "statistic.visit"
   },
   {
      "pk": 4,
      "model": "statistic.visit",
      "fields": {
         "ips": {
            "109.201.133.26": 6
         },
         "date": "2021-03-29",
         "visits": 6
      }
   },
   {
      "pk": 6,
      "model": "statistic.visit",
      "fields": {
         "date": "2021-03-30",
         "visits": 45,
         "ips": {
            "89.39.107.203": 43,
            "37.98.124.9": 2
         }
      }
   },
   {
      "model": "statistic.visit",
      "fields": {
         "visits": 1,
         "date": "2021-04-01",
         "ips": {
            "89.39.107.203": 1
         }
      },
      "pk": 10
   },
   {
      "fields": {
         "ips": {
            "37.98.124.9": 10
         },
         "date": "2021-04-04",
         "visits": 10
      },
      "model": "statistic.visit",
      "pk": 11
   },
   {
      "pk": 12,
      "fields": {
         "ips": {
            "5.127.164.93": 1
         },
         "date": "2021-04-05",
         "visits": 1
      },
      "model": "statistic.visit"
   },
   {
      "pk": 13,
      "fields": {
         "ips": {
            "192.40.57.232": 1
         },
         "date": "2021-04-09",
         "visits": 1
      },
      "model": "statistic.visit"
   },
   {
      "pk": 14,
      "model": "statistic.visit",
      "fields": {
         "ips": {
            "31.204.150.179": 6,
            "154.63.35.10": 1,
            "37.129.62.125": 1,
            "89.38.97.132": 1,
            "5.209.182.76": 2,
            "46.62.168.86": 1
         },
         "date": "2021-04-21",
         "visits": 12
      }
   },
   {
      "pk": 15,
      "fields": {
         "ips": {
            "185.134.22.56": 3,
            "89.38.97.125": 1,
            "89.38.99.188": 1,
            "5.209.44.252": 2,
            "190.2.138.14": 1,
            "45.84.121.50": 1,
            "178.131.206.0": 2
         },
         "visits": 11,
         "date": "2021-04-22"
      },
      "model": "statistic.visit"
   },
   {
      "model": "statistic.visit",
      "fields": {
         "visits": 3,
         "date": "2021-04-23",
         "ips": {
            "46.166.142.214": 1,
            "5.209.143.76": 1,
            "185.191.206.4": 1
         }
      },
      "pk": 16
   },
   {
      "pk": 17,
      "model": "statistic.visit",
      "fields": {
         "visits": 1,
         "date": "2021-04-24",
         "ips": {
            "5.209.36.200": 1
         }
      }
   },
   {
      "pk": 18,
      "model": "statistic.visit",
      "fields": {
         "ips": {
            "31.204.150.179": 2
         },
         "visits": 2,
         "date": "2021-04-25"
      }
   },
   {
      "model": "statistic.visit",
      "fields": {
         "visits": 9,
         "date": "2021-04-30",
         "ips": {
            "185.142.235.136": 1,
            "5.52.230.5": 1,
            "31.204.150.179": 5,
            "104.237.224.150": 1,
            "212.103.50.44": 1
         }
      },
      "pk": 19
   },
   {
      "fields": {
         "visits": 1,
         "date": "2021-05-03",
         "ips": {
            "89.36.176.144": 1
         }
      },
      "model": "statistic.visit",
      "pk": 20
   },
   {
      "pk": 22,
      "model": "statistic.visit",
      "fields": {
         "ips": {
            "178.131.22.79": 2,
            "46.62.169.100": 1
         },
         "visits": 3,
         "date": "2021-05-06"
      }
   },
   {
      "fields": {
         "ips": {
            "178.131.22.79": 1
         },
         "date": "2021-05-07",
         "visits": 1
      },
      "model": "statistic.visit",
      "pk": 23
   },
   {
      "pk": 24,
      "fields": {
         "date": "2021-05-14",
         "visits": 1,
         "ips": {
            "46.62.168.170": 1
         }
      },
      "model": "statistic.visit"
   },
   {
      "pk": 25,
      "model": "statistic.visit",
      "fields": {
         "ips": {
            "49.36.137.84": 5,
            "62.102.142.75": 1,
            "143.244.44.187": 5
         },
         "date": "2021-05-15",
         "visits": 11
      }
   },
   {
      "fields": {
         "ips": {
            "109.232.6.24": 2,
            "31.204.150.179": 1,
            "37.98.106.231": 1
         },
         "date": "2021-05-16",
         "visits": 4
      },
      "model": "statistic.visit",
      "pk": 26
   },
   {
      "model": "statistic.visit",
      "fields": {
         "visits": 1,
         "date": "2021-05-17",
         "ips": {
            "103.248.172.209": 1
         }
      },
      "pk": 27
   },
   {
      "model": "statistic.visit",
      "fields": {
         "visits": 3,
         "date": "2021-05-18",
         "ips": {
            "31.204.150.206": 3
         }
      },
      "pk": 30
   },
   {
      "model": "statistic.visit",
      "fields": {
         "date": "2021-05-20",
         "visits": 1,
         "ips": {
            "52.165.216.99": 1
         }
      },
      "pk": 31
   },
   {
      "model": "statistic.visit",
      "fields": {
         "ips": {
            "83.122.8.101": 1,
            "37.98.15.148": 1,
            "177.94.158.33": 3,
            "152.57.41.202": 1
         },
         "visits": 6,
         "date": "2021-05-21"
      },
      "pk": 32
   },
   {
      "fields": {
         "date": "2021-05-22",
         "visits": 5,
         "ips": {
            "187.72.192.196": 1,
            "187.72.192.200": 1,
            "85.18.30.41": 1,
            "69.174.91.38": 1,
            "212.142.160.70": 1
         }
      },
      "model": "statistic.visit",
      "pk": 33
   },
   {
      "pk": 34,
      "fields": {
         "date": "2021-05-23",
         "visits": 1,
         "ips": {
            "66.249.66.207": 1
         }
      },
      "model": "statistic.visit"
   },
   {
      "pk": 35,
      "fields": {
         "ips": {
            "14.201.164.56": 27,
            "14.201.164.57": 18,
            "109.232.6.88": 1
         },
         "date": "2021-05-24",
         "visits": 46
      },
      "model": "statistic.visit"
   },
   {
      "model": "statistic.visit",
      "fields": {
         "visits": 4,
         "date": "2021-05-25",
         "ips": {
            "113.23.44.88": 2,
            "157.46.89.143": 2
         }
      },
      "pk": 37
   },
   {
      "model": "statistic.visit",
      "fields": {
         "ips": {
            "69.18.37.194": 2,
            "98.35.32.160": 1,
            "189.59.7.138": 1,
            "94.54.232.195": 14,
            "14.201.164.56": 1
         },
         "visits": 19,
         "date": "2021-05-26"
      },
      "pk": 38
   },
   {
      "model": "statistic.visit",
      "fields": {
         "date": "2021-05-27",
         "visits": 69,
         "ips": {
            "73.11.161.93": 49,
            "31.204.154.126": 1,
            "41.37.35.252": 1,
            "187.122.11.77": 18
         }
      },
      "pk": 39
   },
   {
      "pk": 41,
      "model": "statistic.visit",
      "fields": {
         "visits": 928,
         "date": "2021-05-28",
         "ips": {
            "45.148.169.228": 45,
            "185.200.100.179": 4,
            "85.143.177.142": 4,
            "41.37.35.252": 672,
            "158.58.172.107": 10,
            "35.231.149.180": 100,
            "185.200.100.181": 20,
            "213.207.194.77": 1,
            "185.200.100.180": 60,
            "45.148.169.227": 3,
            "37.98.108.207": 8,
            "185.44.130.156": 1
         }
      }
   },
   {
      "pk": 43,
      "fields": {
         "date": "2021-05-29",
         "visits": 28,
         "ips": {
            "156.218.213.107": 15,
            "157.34.132.246": 13
         }
      },
      "model": "statistic.visit"
   },
   {
      "fields": {
         "ips": {
            "197.26.53.138": 30,
            "31.204.154.41": 31
         },
         "date": "2021-05-30",
         "visits": 61
      },
      "model": "statistic.visit",
      "pk": 44
   },
   {
      "model": "statistic.visit",
      "fields": {
         "ips": {
            "52.167.163.32": 2,
            "20.94.248.137": 4,
            "173.245.203.158": 5,
            "3.91.220.61": 1,
            "168.61.170.121": 2,
            "18.206.58.111": 14,
            "40.114.78.173": 2,
            "37.98.108.207": 2,
            "3.85.188.143": 2,
            "188.141.13.87": 61,
            "34.243.254.112": 2,
            "37.157.32.162": 23,
            "50.19.10.249": 1,
            "91.168.209.129": 2,
            "13.89.243.199": 4,
            "54.91.31.203": 1,
            "54.237.160.14": 3,
            "129.31.229.74": 18,
            "52.173.29.60": 4,
            "174.129.143.222": 2,
            "40.69.171.136": 2,
            "54.198.108.226": 1,
            "52.91.115.18": 4,
            "93.14.65.149": 18,
            "106.38.115.17": 1,
            "78.114.52.173": 10,
            "52.147.170.211": 2,
            "34.203.226.211": 4,
            "54.159.126.121": 55,
            "54.196.204.242": 23,
            "3.93.218.189": 3,
            "77.207.122.14": 27,
            "213.41.111.50": 12,
            "40.124.40.153": 4,
            "176.191.194.228": 19,
            "40.77.0.15": 4,
            "54.85.50.222": 2,
            "54.221.8.234": 2,
            "20.49.25.23": 2,
            "89.75.190.113": 1,
            "3.95.26.137": 1,
            "62.28.3.142": 85,
            "40.122.172.208": 4,
            "20.97.179.121": 2,
            "35.175.235.70": 3,
            "94.63.163.200": 1,
            "168.61.38.133": 2,
            "40.74.246.65": 2,
            "3.250.203.68": 2,
            "197.26.53.138": 494,
            "102.165.16.67": 1
         },
         "visits": 948,
         "date": "2021-05-31"
      },
      "pk": 45
   },
   {
      "pk": 81,
      "fields": {
         "visits": 4696,
         "date": "2021-06-01",
         "ips": {
            "52.171.221.249": 4,
            "3.93.49.23": 1,
            "13.89.42.89": 4,
            "52.186.24.106": 4,
            "197.26.53.138": 4614,
            "54.167.254.124": 1,
            "54.147.197.146": 1,
            "54.205.112.205": 1,
            "3.80.189.179": 1,
            "104.215.96.84": 4,
            "103.208.71.167": 2,
            "54.78.108.1": 1,
            "13.85.73.81": 4,
            "168.61.170.218": 4,
            "192.40.57.232": 1,
            "3.91.217.113": 1,
            "107.23.226.215": 1,
            "188.141.13.87": 1,
            "176.191.194.228": 12,
            "54.160.224.57": 3,
            "109.255.252.106": 8,
            "77.207.122.14": 4,
            "54.224.243.130": 5,
            "93.14.65.149": 5,
            "13.67.216.87": 4,
            "54.144.66.21": 1,
            "3.84.16.95": 4
         }
      },
      "model": "statistic.visit"
   },
   {
      "model": "statistic.visit",
      "fields": {
         "ips": {
            "131.150.120.50": 2,
            "154.113.118.2": 1,
            "197.26.53.138": 226,
            "103.77.37.129": 3,
            "3.91.22.201": 1,
            "156.218.32.207": 3,
            "184.145.136.138": 6,
            "113.200.58.215": 1
         },
         "visits": 243,
         "date": "2021-06-02"
      },
      "pk": 97
   },
   {
      "fields": {
         "ips": {
            "86.42.159.231": 55,
            "212.103.50.44": 1,
            "37.157.32.162": 2
         },
         "visits": 58,
         "date": "2021-06-03"
      },
      "model": "statistic.visit",
      "pk": 98
   },
   {
      "model": "statistic.visit",
      "fields": {
         "visits": 34,
         "date": "2021-06-04",
         "ips": {
            "86.42.159.231": 11,
            "35.173.221.81": 5,
            "54.242.54.178": 1,
            "31.40.31.185": 3,
            "66.249.66.198": 1,
            "37.143.115.212": 13
         }
      },
      "pk": 99
   },
   {
      "model": "statistic.visit",
      "fields": {
         "visits": 367,
         "date": "2021-06-05",
         "ips": {
            "54.162.224.8": 1,
            "197.26.118.31": 366
         }
      },
      "pk": 100
   },
   {
      "pk": 120,
      "model": "statistic.visit",
      "fields": {
         "visits": 464,
         "date": "2021-06-06",
         "ips": {
            "197.26.118.31": 432,
            "103.77.37.169": 26,
            "54.91.166.148": 1,
            "174.129.101.135": 1,
            "47.29.137.78": 4
         }
      }
   },
   {
      "pk": 121,
      "fields": {
         "date": "2021-06-07",
         "visits": 14,
         "ips": {
            "159.89.193.119": 11,
            "182.1.92.153": 3
         }
      },
      "model": "statistic.visit"
   },
   {
      "fields": {
         "ips": {
            "41.225.26.219": 182,
            "156.196.56.79": 4,
            "73.95.62.17": 6,
            "96.40.114.58": 5
         },
         "date": "2021-06-08",
         "visits": 197
      },
      "model": "statistic.visit",
      "pk": 124
   },
   {
      "pk": 128,
      "model": "statistic.visit",
      "fields": {
         "ips": {
            "41.225.165.199": 10,
            "134.73.241.3": 1,
            "107.150.17.8": 1,
            "86.180.10.176": 4
         },
         "date": "2021-06-09",
         "visits": 16
      }
   },
   {
      "pk": 131,
      "model": "statistic.visit",
      "fields": {
         "ips": {
            "41.225.171.89": 7,
            "102.172.126.227": 1
         },
         "date": "2021-06-10",
         "visits": 8
      }
   },
   {
      "fields": {
         "ips": {
            "157.55.39.10": 1,
            "82.42.177.105": 4
         },
         "visits": 5,
         "date": "2021-06-11"
      },
      "model": "statistic.visit",
      "pk": 132
   },
   {
      "fields": {
         "visits": 1054,
         "date": "2021-06-12",
         "ips": {
            "157.119.177.243": 26,
            "157.119.177.143": 12,
            "157.119.177.82": 13,
            "157.119.177.188": 1,
            "157.119.177.94": 4,
            "157.119.177.190": 1,
            "157.119.177.16": 28,
            "157.119.177.189": 41,
            "157.119.177.67": 13,
            "157.119.177.105": 24,
            "157.119.177.223": 13,
            "157.119.177.12": 12,
            "126.53.8.162": 1,
            "157.119.177.120": 63,
            "157.119.177.162": 88,
            "157.119.177.136": 1,
            "157.119.177.103": 39,
            "157.119.177.73": 54,
            "157.119.177.51": 2,
            "157.119.177.247": 25,
            "157.119.177.11": 27,
            "157.119.177.4": 26,
            "157.119.177.5": 13,
            "93.244.1.49": 45,
            "157.119.177.76": 13,
            "157.119.177.60": 13,
            "157.119.177.132": 66,
            "157.119.177.131": 13,
            "106.51.233.97": 3,
            "157.119.177.43": 17,
            "157.119.177.159": 14,
            "157.119.177.171": 15,
            "157.119.177.70": 13,
            "157.119.177.58": 14,
            "157.119.177.154": 25,
            "157.119.177.205": 9,
            "157.119.177.214": 15,
            "157.119.177.237": 26,
            "103.99.205.181": 1,
            "157.119.177.33": 51,
            "157.119.177.6": 53,
            "157.119.177.113": 27,
            "157.119.177.32": 1,
            "157.119.177.229": 29,
            "157.119.177.3": 12,
            "157.119.177.151": 13,
            "157.119.177.117": 39
         }
      },
      "model": "statistic.visit",
      "pk": 133
   },
   {
      "model": "statistic.visit",
      "fields": {
         "visits": 10,
         "date": "2021-06-13",
         "ips": {
            "46.118.21.236": 3,
            "91.216.133.142": 1,
            "103.99.205.181": 6
         }
      },
      "pk": 134
   },
   {
      "fields": {
         "ips": {
            "46.118.21.236": 23,
            "78.69.127.191": 19,
            "216.185.233.107": 4,
            "73.197.205.237": 8,
            "103.99.206.75": 20
         },
         "date": "2021-06-14",
         "visits": 74
      },
      "model": "statistic.visit",
      "pk": 164
   },
   {
      "pk": 165,
      "model": "statistic.visit",
      "fields": {
         "visits": 47,
         "date": "2021-06-15",
         "ips": {
            "108.76.189.77": 4,
            "46.118.21.236": 7,
            "103.106.28.98": 3,
            "102.173.236.152": 7,
            "177.170.126.39": 1,
            "203.204.102.17": 25
         }
      }
   },
   {
      "fields": {
         "ips": {
            "24.107.30.83": 13,
            "163.158.208.24": 4,
            "78.69.127.191": 24,
            "90.43.221.220": 9,
            "188.141.13.87": 1,
            "185.159.162.130": 15
         },
         "date": "2021-06-16",
         "visits": 66
      },
      "model": "statistic.visit",
      "pk": 166
   },
   {
      "pk": 167,
      "model": "statistic.visit",
      "fields": {
         "ips": {
            "109.49.130.104": 2,
            "86.139.94.120": 1
         },
         "date": "2021-06-17",
         "visits": 3
      }
   },
   {
      "pk": 169,
      "model": "statistic.visit",
      "fields": {
         "ips": {
            "101.179.209.75": 21,
            "151.245.90.63": 1,
            "75.70.52.93": 10,
            "27.59.197.162": 25,
            "212.103.50.44": 1,
            "103.77.37.152": 31
         },
         "date": "2021-06-18",
         "visits": 89
      }
   },
   {
      "pk": 185,
      "model": "statistic.visit",
      "fields": {
         "ips": {
            "165.232.135.200": 1,
            "104.222.32.26": 1,
            "103.49.206.220": 2,
            "109.232.6.7": 1,
            "188.229.37.177": 1,
            "93.119.214.140": 9,
            "175.157.118.205": 152,
            "157.48.162.106": 11,
            "135.125.146.220": 1,
            "157.47.90.34": 10,
            "216.68.10.133": 1,
            "103.77.37.152": 219,
            "165.232.152.159": 1,
            "67.230.160.92": 2
         },
         "visits": 412,
         "date": "2021-06-19"
      }
   },
   {
      "pk": 186,
      "model": "statistic.visit",
      "fields": {
         "date": "2021-06-20",
         "visits": 36,
         "ips": {
            "103.77.37.152": 6,
            "136.158.50.193": 30
         }
      }
   },
   {
      "fields": {
         "date": "2021-06-21",
         "visits": 35,
         "ips": {
            "99.241.33.121": 3,
            "164.90.153.170": 2,
            "70.81.204.120": 14,
            "103.77.37.185": 1,
            "202.91.136.3": 3,
            "208.71.10.130": 12
         }
      },
      "model": "statistic.visit",
      "pk": 188
   },
   {
      "model": "statistic.visit",
      "fields": {
         "ips": {
            "73.197.205.237": 1,
            "89.148.198.140": 7,
            "54.145.234.114": 1,
            "144.64.66.214": 1,
            "103.77.37.163": 7
         },
         "visits": 17,
         "date": "2021-06-23"
      },
      "pk": 189
   },
   {
      "pk": 190,
      "fields": {
         "ips": {
            "89.38.97.116": 1
         },
         "visits": 1,
         "date": "2021-06-24"
      },
      "model": "statistic.visit"
   },
   {
      "pk": 191,
      "fields": {
         "date": "2021-06-25",
         "visits": 4,
         "ips": {
            "163.114.132.3": 4
         }
      },
      "model": "statistic.visit"
   },
   {
      "fields": {
         "date": "2021-06-26",
         "visits": 18,
         "ips": {
            "103.10.29.74": 7,
            "120.138.13.213": 10,
            "178.131.31.119": 1
         }
      },
      "model": "statistic.visit",
      "pk": 192
   },
   {
      "fields": {
         "ips": {
            "45.249.72.164": 2,
            "92.251.254.6": 1,
            "35.217.121.70": 1
         },
         "visits": 4,
         "date": "2021-06-27"
      },
      "model": "statistic.visit",
      "pk": 193
   },
   {
      "pk": 194,
      "fields": {
         "ips": {
            "27.60.80.153": 2,
            "150.129.104.253": 2,
            "49.206.32.126": 7
         },
         "date": "2021-06-28",
         "visits": 11
      },
      "model": "statistic.visit"
   },
   {
      "pk": 196,
      "model": "statistic.visit",
      "fields": {
         "ips": {
            "187.190.205.168": 5,
            "3.95.244.15": 1,
            "20.69.153.2": 1,
            "3.83.175.237": 7,
            "20.94.202.134": 1,
            "138.91.147.107": 1,
            "3.89.91.66": 6,
            "125.254.20.105": 7,
            "3.85.221.215": 2,
            "40.122.64.145": 2,
            "52.207.63.104": 2,
            "3.87.14.124": 4,
            "52.87.217.68": 1,
            "54.226.207.67": 5,
            "100.24.18.196": 4,
            "40.87.50.25": 1,
            "13.67.132.69": 2,
            "52.6.215.11": 6,
            "52.183.30.211": 1,
            "20.98.86.251": 1,
            "73.197.205.237": 1,
            "54.85.8.56": 2,
            "34.227.79.106": 31,
            "34.226.123.156": 2,
            "20.98.248.186": 1,
            "52.250.115.224": 1,
            "27.32.52.186": 6,
            "40.87.82.167": 1,
            "197.252.201.169": 3,
            "105.163.161.157": 11,
            "18.208.158.119": 1
         },
         "date": "2021-06-29",
         "visits": 120
      }
   },
   {
      "fields": {
         "ips": {
            "73.197.205.237": 2
         },
         "visits": 2,
         "date": "2021-06-30"
      },
      "model": "statistic.visit",
      "pk": 198
   },
   {
      "fields": {
         "visits": 31,
         "date": "2021-07-01",
         "ips": {
            "120.138.12.114": 1,
            "86.106.136.99": 24,
            "24.222.146.135": 5,
            "73.197.205.237": 1
         }
      },
      "model": "statistic.visit",
      "pk": 212
   },
   {
      "model": "statistic.visit",
      "fields": {
         "visits": 10,
         "date": "2021-07-02",
         "ips": {
            "197.15.195.56": 2,
            "73.197.205.237": 1,
            "86.106.136.99": 7
         }
      },
      "pk": 226
   },
   {
      "pk": 227,
      "fields": {
         "ips": {
            "66.249.66.199": 2
         },
         "visits": 2,
         "date": "2021-07-03"
      },
      "model": "statistic.visit"
   },
   {
      "pk": 229,
      "model": "statistic.visit",
      "fields": {
         "date": "2021-07-04",
         "visits": 4,
         "ips": {
            "178.131.87.192": 3,
            "73.197.205.237": 1
         }
      }
   },
   {
      "fields": {
         "jti": "ff004d5809fb4d74818e01c344a5c76e",
         "token": "eyJ0eXAiOiJKV1QiLCJhbGciOiJIUzI1NiJ9.eyJ0b2tlbl90eXBlIjoicmVmcmVzaCIsImV4cCI6MTYxNjYwOTkxNCwianRpIjoiZmYwMDRkNTgwOWZiNGQ3NDgxOGUwMWMzNDRhNWM3NmUiLCJ1c2VyX2lkIjoxfQ.7S9VFktLJ-UzexKzwL63ghI_Pf1sAS60xFDxG32snjg",
         "user": null,
         "created_at": null,
         "expires_at": "2021-03-24T18:18:34Z"
      },
      "model": "token_blacklist.outstandingtoken",
      "pk": 1
   },
   {
      "model": "token_blacklist.outstandingtoken",
      "fields": {
         "expires_at": "2021-03-24T20:50:04Z",
         "created_at": "2021-03-24T13:50:04.259Z",
         "user": 1,
         "token": "eyJ0eXAiOiJKV1QiLCJhbGciOiJIUzI1NiJ9.eyJ0b2tlbl90eXBlIjoicmVmcmVzaCIsImV4cCI6MTYxNjYxOTAwNCwianRpIjoiNDgzOGY4YzZiZTgyNDY0N2EzMWZmNWQwZmRmM2JjNDgiLCJ1c2VyX2lkIjoxfQ.WzX0tVeXNjh4Y7JdQ3pOMkECi0LNG6F4N3KbfO3qhZg",
         "jti": "4838f8c6be824647a31ff5d0fdf3bc48"
      },
      "pk": 2
   },
   {
      "pk": 3,
      "model": "token_blacklist.outstandingtoken",
      "fields": {
         "token": "eyJ0eXAiOiJKV1QiLCJhbGciOiJIUzI1NiJ9.eyJ0b2tlbl90eXBlIjoicmVmcmVzaCIsImV4cCI6MTYxNjYyOTE4MywianRpIjoiNDJiNjJmZDNjOGMyNDZhZmIyYmI1YjNkNjA4YTA5ZTgiLCJ1c2VyX2lkIjoyfQ.sbOdV8Sa9DZ1BdWuzhAsucy3MMhTOwVzluwpryw7rNw",
         "jti": "42b62fd3c8c246afb2bb5b3d608a09e8",
         "created_at": "2021-03-24T16:39:43.966Z",
         "expires_at": "2021-03-24T23:39:43Z",
         "user": 2
      }
   },
   {
      "pk": 4,
      "model": "token_blacklist.outstandingtoken",
      "fields": {
         "token": "eyJ0eXAiOiJKV1QiLCJhbGciOiJIUzI1NiJ9.eyJ0b2tlbl90eXBlIjoicmVmcmVzaCIsImV4cCI6MTYxNjYzNjgxMCwianRpIjoiYjYwMmM4ODA3ZWRkNDQ1N2FjODhmNDVkNGExZWRmMTgiLCJ1c2VyX2lkIjoyfQ.iVvkNyH93dkAdqvqmEr3rW5cnH_i7prOJRdlbGOcun0",
         "jti": "b602c8807edd4457ac88f45d4a1edf18",
         "expires_at": "2021-03-25T01:46:50Z",
         "created_at": "2021-03-24T18:46:50.360Z",
         "user": 2
      }
   },
   {
      "pk": 5,
      "fields": {
         "user": 2,
         "created_at": "2021-03-24T23:05:55.315Z",
         "expires_at": "2021-03-25T06:05:55Z",
         "jti": "e1752c706da441d8bbd3a7c4bb35c0d1",
         "token": "eyJ0eXAiOiJKV1QiLCJhbGciOiJIUzI1NiJ9.eyJ0b2tlbl90eXBlIjoicmVmcmVzaCIsImV4cCI6MTYxNjY1MjM1NSwianRpIjoiZTE3NTJjNzA2ZGE0NDFkOGJiZDNhN2M0YmIzNWMwZDEiLCJ1c2VyX2lkIjoyfQ.R-maESbv2v0WWx7DMeHeM-cZKDSTIXKYgtfs1G0NyMU"
      },
      "model": "token_blacklist.outstandingtoken"
   },
   {
      "fields": {
         "jti": "b46dfcf68e3c4a7d93be98eaa1140b88",
         "token": "eyJ0eXAiOiJKV1QiLCJhbGciOiJIUzI1NiJ9.eyJ0b2tlbl90eXBlIjoicmVmcmVzaCIsImV4cCI6MTYxNjcxODcxNSwianRpIjoiYjQ2ZGZjZjY4ZTNjNGE3ZDkzYmU5OGVhYTExNDBiODgiLCJ1c2VyX2lkIjoyfQ.LX7EZQHl7iF5r89DYyijjJpBenJuJ7uiOWEar5pwrS0",
         "user": 2,
         "created_at": "2021-03-25T17:31:55.249Z",
         "expires_at": "2021-03-26T00:31:55Z"
      },
      "model": "token_blacklist.outstandingtoken",
      "pk": 6
   },
   {
      "pk": 7,
      "fields": {
         "token": "eyJ0eXAiOiJKV1QiLCJhbGciOiJIUzI1NiJ9.eyJ0b2tlbl90eXBlIjoicmVmcmVzaCIsImV4cCI6MTYxNjc5OTEyOSwianRpIjoiMjhkZDVlY2JkYjRjNGU1ODlmM2VhNmZiMmI5MTYwNjAiLCJ1c2VyX2lkIjoyfQ.BbR6-ZFM7j1SQp3LG4x6C3h1a-SNzKtbp_pdSYXjVow",
         "jti": "28dd5ecbdb4c4e589f3ea6fb2b916060",
         "created_at": "2021-03-26T15:52:09.421Z",
         "expires_at": "2021-03-26T22:52:09Z",
         "user": 2
      },
      "model": "token_blacklist.outstandingtoken"
   },
   {
      "pk": 8,
      "model": "token_blacklist.outstandingtoken",
      "fields": {
         "jti": "61b0dc47870a4c1280858bce31c3660a",
         "token": "eyJ0eXAiOiJKV1QiLCJhbGciOiJIUzI1NiJ9.eyJ0b2tlbl90eXBlIjoicmVmcmVzaCIsImV4cCI6MTYxNjgxMzgxNCwianRpIjoiNjFiMGRjNDc4NzBhNGMxMjgwODU4YmNlMzFjMzY2MGEiLCJ1c2VyX2lkIjoyfQ.YBDBbWs2D6vh8Ngyg8Lc_yc58KNhDTOQ9dNt-u_D9CA",
         "user": 2,
         "expires_at": "2021-03-27T02:56:54Z",
         "created_at": "2021-03-26T19:56:54.968Z"
      }
   },
   {
      "pk": 9,
      "model": "token_blacklist.outstandingtoken",
      "fields": {
         "expires_at": "2021-03-27T21:16:32Z",
         "created_at": "2021-03-27T14:16:32.773Z",
         "user": 1,
         "token": "eyJ0eXAiOiJKV1QiLCJhbGciOiJIUzI1NiJ9.eyJ0b2tlbl90eXBlIjoicmVmcmVzaCIsImV4cCI6MTYxNjg3OTc5MiwianRpIjoiYzQ4M2RmMzY2YWIxNDU5ZWI4ZGUwNDRmZmVlZjNmODEiLCJ1c2VyX2lkIjoxfQ.gNwRrvAazUIy5JSPBa4cLv7ys7G4vO0s_JATfeEgSh4",
         "jti": "c483df366ab1459eb8de044ffeef3f81"
      }
   },
   {
      "model": "token_blacklist.outstandingtoken",
      "fields": {
         "jti": "5c4f9b3ec4514af38d839b346b5552ea",
         "token": "eyJ0eXAiOiJKV1QiLCJhbGciOiJIUzI1NiJ9.eyJ0b2tlbl90eXBlIjoicmVmcmVzaCIsImV4cCI6MTYxNjk3ODU5MCwianRpIjoiNWM0ZjliM2VjNDUxNGFmMzhkODM5YjM0NmI1NTUyZWEiLCJ1c2VyX2lkIjoxfQ.M2wUXMi4Vdro8_oJv4cC4wrMbloiSSSViHsnfW2BbNM",
         "user": 1,
         "expires_at": "2021-03-29T00:43:10Z",
         "created_at": "2021-03-28T17:43:10.241Z"
      },
      "pk": 10
   },
   {
      "fields": {
         "user": 1,
         "expires_at": "2021-03-29T00:43:11Z",
         "created_at": "2021-03-28T17:43:11.245Z",
         "jti": "36ba450d40b149e99d51f443389264d5",
         "token": "eyJ0eXAiOiJKV1QiLCJhbGciOiJIUzI1NiJ9.eyJ0b2tlbl90eXBlIjoicmVmcmVzaCIsImV4cCI6MTYxNjk3ODU5MSwianRpIjoiMzZiYTQ1MGQ0MGIxNDllOTlkNTFmNDQzMzg5MjY0ZDUiLCJ1c2VyX2lkIjoxfQ.IGUDX5gmEb7Ex6bnls7W5R2_t9aB4JtZTKQpnsOyAXM"
      },
      "model": "token_blacklist.outstandingtoken",
      "pk": 11
   },
   {
      "pk": 12,
      "model": "token_blacklist.outstandingtoken",
      "fields": {
         "token": "eyJ0eXAiOiJKV1QiLCJhbGciOiJIUzI1NiJ9.eyJ0b2tlbl90eXBlIjoicmVmcmVzaCIsImV4cCI6MTYxNzE0NTIxOCwianRpIjoiNjRmYTQwM2M0ZjY3NDgwZTliYTFlNTlmZTZlZTc5NjIiLCJ1c2VyX2lkIjoxfQ.wRFJk1uPoaqUBhmFq0ZJKqozDzVdOQQFVVzoUUjNDlo",
         "jti": "64fa403c4f67480e9ba1e59fe6ee7962",
         "expires_at": "2021-03-30T23:00:18Z",
         "created_at": "2021-03-30T16:00:18.666Z",
         "user": 1
      }
   },
   {
      "model": "token_blacklist.outstandingtoken",
      "fields": {
         "jti": "aa605fa0066040af969aa1d0bf0ef2ce",
         "token": "eyJ0eXAiOiJKV1QiLCJhbGciOiJIUzI1NiJ9.eyJ0b2tlbl90eXBlIjoicmVmcmVzaCIsImV4cCI6MTYxNzE4MTgzMiwianRpIjoiYWE2MDVmYTAwNjYwNDBhZjk2OWFhMWQwYmYwZWYyY2UiLCJ1c2VyX2lkIjoyfQ.InD91dcepqAcimufDW4U0Ri-7N0Qenx7jQohhgGD4ZM",
         "user": 2,
         "created_at": "2021-03-31T02:10:32.643Z",
         "expires_at": "2021-03-31T09:10:32Z"
      },
      "pk": 13
   },
   {
      "pk": 14,
      "fields": {
         "token": "eyJ0eXAiOiJKV1QiLCJhbGciOiJIUzI1NiJ9.eyJ0b2tlbl90eXBlIjoicmVmcmVzaCIsImV4cCI6MTYxNzI3NzM5MSwianRpIjoiZmYyYmEzMjg3NTcxNGYyOWI5NzcyYjIxZjNlNjI0YTgiLCJ1c2VyX2lkIjoyfQ.t9YX5wVdtJq71rFdWttcmEFLeHurlb3GvXFoOwvFP7o",
         "jti": "ff2ba32875714f29b9772b21f3e624a8",
         "expires_at": "2021-04-01T11:43:11Z",
         "created_at": "2021-04-01T04:43:11.878Z",
         "user": 2
      },
      "model": "token_blacklist.outstandingtoken"
   },
   {
      "pk": 15,
      "model": "token_blacklist.outstandingtoken",
      "fields": {
         "jti": "1c18b7ecdc6e4bf5866d267ced3000b8",
         "token": "eyJ0eXAiOiJKV1QiLCJhbGciOiJIUzI1NiJ9.eyJ0b2tlbl90eXBlIjoicmVmcmVzaCIsImV4cCI6MTYxNzUzNjExMCwianRpIjoiMWMxOGI3ZWNkYzZlNGJmNTg2NmQyNjdjZWQzMDAwYjgiLCJ1c2VyX2lkIjoyfQ.M8dtRgdHv5NQYS5iwHD67XiofC8_GX52pdEDKQPTJcQ",
         "user": 2,
         "expires_at": "2021-04-04T11:35:10Z",
         "created_at": "2021-04-04T04:35:10.002Z"
      }
   },
   {
      "model": "token_blacklist.outstandingtoken",
      "fields": {
         "user": 2,
         "created_at": "2021-04-04T04:35:10.093Z",
         "expires_at": "2021-04-04T11:35:10Z",
         "jti": "727e4015df484a90b3c56d8c322f5e2b",
         "token": "eyJ0eXAiOiJKV1QiLCJhbGciOiJIUzI1NiJ9.eyJ0b2tlbl90eXBlIjoicmVmcmVzaCIsImV4cCI6MTYxNzUzNjExMCwianRpIjoiNzI3ZTQwMTVkZjQ4NGE5MGIzYzU2ZDhjMzIyZjVlMmIiLCJ1c2VyX2lkIjoyfQ.ey9G647Rk9Vxywzq_wVHtur1HzpxuQHoJA3RUWnYzUU"
      },
      "pk": 16
   },
   {
      "fields": {
         "user": 2,
         "created_at": "2021-04-04T04:35:10.422Z",
         "expires_at": "2021-04-04T11:35:10Z",
         "jti": "796f36ef1ef94550a04790cea5adddbc",
         "token": "eyJ0eXAiOiJKV1QiLCJhbGciOiJIUzI1NiJ9.eyJ0b2tlbl90eXBlIjoicmVmcmVzaCIsImV4cCI6MTYxNzUzNjExMCwianRpIjoiNzk2ZjM2ZWYxZWY5NDU1MGEwNDc5MGNlYTVhZGRkYmMiLCJ1c2VyX2lkIjoyfQ.Y05szgLbyu3GP2XRexDeUePKmoY7NxvxhGI6eKY4gaM"
      },
      "model": "token_blacklist.outstandingtoken",
      "pk": 17
   },
   {
      "fields": {
         "jti": "3aaf80a324614bd9a7570797876309db",
         "token": "eyJ0eXAiOiJKV1QiLCJhbGciOiJIUzI1NiJ9.eyJ0b2tlbl90eXBlIjoicmVmcmVzaCIsImV4cCI6MTYxNzU1MjAxOCwianRpIjoiM2FhZjgwYTMyNDYxNGJkOWE3NTcwNzk3ODc2MzA5ZGIiLCJ1c2VyX2lkIjoxfQ.NMhTabGo554Ar-h00qVXg0H_PWZ3HBlxrGFWQX6R0G4",
         "user": 1,
         "expires_at": "2021-04-04T16:00:18Z",
         "created_at": "2021-04-04T09:00:18.484Z"
      },
      "model": "token_blacklist.outstandingtoken",
      "pk": 18
   },
   {
      "pk": 19,
      "model": "token_blacklist.outstandingtoken",
      "fields": {
         "jti": "5ca430e867ec4651b1d8d470c79adb3d",
         "token": "eyJ0eXAiOiJKV1QiLCJhbGciOiJIUzI1NiJ9.eyJ0b2tlbl90eXBlIjoicmVmcmVzaCIsImV4cCI6MTYxNzU4MTA5NCwianRpIjoiNWNhNDMwZTg2N2VjNDY1MWIxZDhkNDcwYzc5YWRiM2QiLCJ1c2VyX2lkIjoxfQ.j1mm8s165FpKlwYg3n_fwHplSF7OGBuNY7m7tA_ZdBY",
         "user": 1,
         "expires_at": "2021-04-05T00:04:54Z",
         "created_at": "2021-04-04T17:04:54.397Z"
      }
   },
   {
      "pk": 20,
      "fields": {
         "user": 1,
         "expires_at": "2021-04-09T02:18:20Z",
         "created_at": "2021-04-08T19:18:20.868Z",
         "jti": "203acc130b5a4de5a9dc34523caebb0d",
         "token": "eyJ0eXAiOiJKV1QiLCJhbGciOiJIUzI1NiJ9.eyJ0b2tlbl90eXBlIjoicmVmcmVzaCIsImV4cCI6MTYxNzkzNDcwMCwianRpIjoiMjAzYWNjMTMwYjVhNGRlNWE5ZGMzNDUyM2NhZWJiMGQiLCJ1c2VyX2lkIjoxfQ.vBiTUVsgpsaUmb7nCHSY-hKN1Pz6V9YL_gI8JnAS5ao"
      },
      "model": "token_blacklist.outstandingtoken"
   },
   {
      "pk": 21,
      "fields": {
         "user": 2,
         "expires_at": "2021-04-09T21:48:32Z",
         "created_at": "2021-04-09T14:48:32.011Z",
         "jti": "8350f029b6c84dff91c5cc77f88a2845",
         "token": "eyJ0eXAiOiJKV1QiLCJhbGciOiJIUzI1NiJ9.eyJ0b2tlbl90eXBlIjoicmVmcmVzaCIsImV4cCI6MTYxODAwNDkxMiwianRpIjoiODM1MGYwMjliNmM4NGRmZjkxYzVjYzc3Zjg4YTI4NDUiLCJ1c2VyX2lkIjoyfQ.F1YRnBW3fL7KdaYZRqtqO7j7LkhkdMal6TvEkAghHVc"
      },
      "model": "token_blacklist.outstandingtoken"
   },
   {
      "model": "token_blacklist.outstandingtoken",
      "fields": {
         "expires_at": "2021-04-09T21:48:32Z",
         "created_at": "2021-04-09T14:48:32.014Z",
         "user": 2,
         "token": "eyJ0eXAiOiJKV1QiLCJhbGciOiJIUzI1NiJ9.eyJ0b2tlbl90eXBlIjoicmVmcmVzaCIsImV4cCI6MTYxODAwNDkxMiwianRpIjoiZWMyODk0YTRmZjY3NDRhZTlmYWY3YzUyNjJjOWNmY2QiLCJ1c2VyX2lkIjoyfQ.4bIYtyCurUcow73kpKwuAidq112RillknGJDWDkvK3c",
         "jti": "ec2894a4ff6744ae9faf7c5262c9cfcd"
      },
      "pk": 22
   },
   {
      "pk": 23,
      "model": "token_blacklist.outstandingtoken",
      "fields": {
         "expires_at": "2021-04-11T17:24:09Z",
         "created_at": "2021-04-11T10:24:09.788Z",
         "user": 2,
         "token": "eyJ0eXAiOiJKV1QiLCJhbGciOiJIUzI1NiJ9.eyJ0b2tlbl90eXBlIjoicmVmcmVzaCIsImV4cCI6MTYxODE2MTg0OSwianRpIjoiZDA1YjAwNzRjZGM5NGNmYzljNjFkZjU1MjI3ODhhYWYiLCJ1c2VyX2lkIjoyfQ.PIKKIcgpNUIHaitS2ip_ZrDc8aySjFNE4HFwQjeQqy4",
         "jti": "d05b0074cdc94cfc9c61df5522788aaf"
      }
   },
   {
      "model": "token_blacklist.outstandingtoken",
      "fields": {
         "expires_at": "2021-04-11T17:24:10Z",
         "created_at": "2021-04-11T10:24:10.021Z",
         "user": 2,
         "token": "eyJ0eXAiOiJKV1QiLCJhbGciOiJIUzI1NiJ9.eyJ0b2tlbl90eXBlIjoicmVmcmVzaCIsImV4cCI6MTYxODE2MTg1MCwianRpIjoiMjA5MmQ0M2M3NDgyNDY1MTg1YmRmZmM2NWFiN2I3MmQiLCJ1c2VyX2lkIjoyfQ.v9y5LrqpsG-AfDdCgd66-eLMQg7hLLQm9p8RrfUOacs",
         "jti": "2092d43c7482465185bdffc65ab7b72d"
      },
      "pk": 24
   },
   {
      "fields": {
         "user": 2,
         "created_at": "2021-04-21T14:15:19.277Z",
         "expires_at": "2021-04-21T21:15:19Z",
         "jti": "0bb43c53e6fc45699228af0457de2bdb",
         "token": "eyJ0eXAiOiJKV1QiLCJhbGciOiJIUzI1NiJ9.eyJ0b2tlbl90eXBlIjoicmVmcmVzaCIsImV4cCI6MTYxOTAzOTcxOSwianRpIjoiMGJiNDNjNTNlNmZjNDU2OTkyMjhhZjA0NTdkZTJiZGIiLCJ1c2VyX2lkIjoyfQ.7rekoOVi-UnaQL3P_fIpxiZCFuca5KWSBqSQy5AdN5E"
      },
      "model": "token_blacklist.outstandingtoken",
      "pk": 25
   },
   {
      "fields": {
         "jti": "2ab5e511bd354b96aa59f764b5276823",
         "token": "eyJ0eXAiOiJKV1QiLCJhbGciOiJIUzI1NiJ9.eyJ0b2tlbl90eXBlIjoicmVmcmVzaCIsImV4cCI6MTYyMDEzMTQwMCwianRpIjoiMmFiNWU1MTFiZDM1NGI5NmFhNTlmNzY0YjUyNzY4MjMiLCJ1c2VyX2lkIjoyfQ.EwNsA8sy8sBzi2Ayk0ppR4fXLO4Z_m54vP8WopT1vCU",
         "user": 2,
         "created_at": "2021-05-04T05:30:00.684Z",
         "expires_at": "2021-05-04T12:30:00Z"
      },
      "model": "token_blacklist.outstandingtoken",
      "pk": 26
   },
   {
      "pk": 27,
      "model": "token_blacklist.outstandingtoken",
      "fields": {
         "jti": "471291488ac249c4a91b698b850bbb5d",
         "token": "eyJ0eXAiOiJKV1QiLCJhbGciOiJIUzI1NiJ9.eyJ0b2tlbl90eXBlIjoicmVmcmVzaCIsImV4cCI6MTYyMDEzMTQwMCwianRpIjoiNDcxMjkxNDg4YWMyNDljNGE5MWI2OThiODUwYmJiNWQiLCJ1c2VyX2lkIjoyfQ.ro35Qrg7cKfMeoxOW0XTzWw1Z8ivBA5MJAuofF2fB-A",
         "user": 2,
         "created_at": "2021-05-04T05:30:00.930Z",
         "expires_at": "2021-05-04T12:30:00Z"
      }
   },
   {
      "pk": 28,
      "fields": {
         "expires_at": "2021-05-28T18:12:23Z",
         "created_at": "2021-05-28T11:12:23.849Z",
         "user": 1,
         "token": "eyJ0eXAiOiJKV1QiLCJhbGciOiJIUzI1NiJ9.eyJ0b2tlbl90eXBlIjoicmVmcmVzaCIsImV4cCI6MTYyMjIyNTU0MywianRpIjoiOTZlODcwOWU5YWM3NDdmODkxZDQ0YWZjMTljOWJkODciLCJ1c2VyX2lkIjoxfQ.iimw5a3j5QCEbRZs_aAlxR6Kj8b50J6l1vcXsqbD6UM",
         "jti": "96e8709e9ac747f891d44afc19c9bd87"
      },
      "model": "token_blacklist.outstandingtoken"
   },
   {
      "pk": 29,
      "fields": {
         "user": 1,
         "expires_at": "2021-05-28T18:26:23Z",
         "created_at": "2021-05-28T11:26:23.476Z",
         "jti": "d1573740832e47ceae6da6756ac3f83a",
         "token": "eyJ0eXAiOiJKV1QiLCJhbGciOiJIUzI1NiJ9.eyJ0b2tlbl90eXBlIjoicmVmcmVzaCIsImV4cCI6MTYyMjIyNjM4MywianRpIjoiZDE1NzM3NDA4MzJlNDdjZWFlNmRhNjc1NmFjM2Y4M2EiLCJ1c2VyX2lkIjoxfQ._IwL4ins8ZFhoizJECK5OhZcEXv27rm4tdY_U3WNBl0"
      },
      "model": "token_blacklist.outstandingtoken"
   },
   {
      "model": "token_blacklist.outstandingtoken",
      "fields": {
         "token": "eyJ0eXAiOiJKV1QiLCJhbGciOiJIUzI1NiJ9.eyJ0b2tlbl90eXBlIjoicmVmcmVzaCIsImV4cCI6MTYyMjMwNTEyMSwianRpIjoiNDJhMTIzMGJlMGQwNGY5ODhmM2E1NDMxY2ZlMTZlMDYiLCJ1c2VyX2lkIjoxfQ.TZUXKI3hM_uEI5hGOin5I9fdS-0qPkm283MzhLvsSfk",
         "jti": "42a1230be0d04f988f3a5431cfe16e06",
         "created_at": "2021-05-29T09:18:41.251Z",
         "expires_at": "2021-05-29T16:18:41Z",
         "user": 1
      },
      "pk": 30
   },
   {
      "pk": 31,
      "fields": {
         "token": "eyJ0eXAiOiJKV1QiLCJhbGciOiJIUzI1NiJ9.eyJ0b2tlbl90eXBlIjoicmVmcmVzaCIsImV4cCI6MTYyMjMwNTEyMSwianRpIjoiZTI4NWUwZjU2YWIxNDg1MWJkNDgxMTM0ODk1MmZkZWIiLCJ1c2VyX2lkIjoxfQ.IsPTb_9yQQ0Uu5NJrqd3IjwYkB1ij0xSbue6xe4Xq5w",
         "jti": "e285e0f56ab14851bd4811348952fdeb",
         "created_at": "2021-05-29T09:18:41.243Z",
         "expires_at": "2021-05-29T16:18:41Z",
         "user": 1
      },
      "model": "token_blacklist.outstandingtoken"
   },
   {
      "pk": 32,
      "fields": {
         "token": "eyJ0eXAiOiJKV1QiLCJhbGciOiJIUzI1NiJ9.eyJ0b2tlbl90eXBlIjoicmVmcmVzaCIsImV4cCI6MTYyMjQxNjUyNiwianRpIjoiOWM5NWViM2VhMDVhNDJkYTgyZTkzNmRjZDhiNzhiZDYiLCJ1c2VyX2lkIjoxfQ.NwwaLSBQ0OI8JyvxBhg1RfqlOran7Yfbt5mmuZl-9jU",
         "jti": "9c95eb3ea05a42da82e936dcd8b78bd6",
         "created_at": "2021-05-30T16:15:26.786Z",
         "expires_at": "2021-05-30T23:15:26Z",
         "user": 1
      },
      "model": "token_blacklist.outstandingtoken"
   },
   {
      "pk": 33,
      "model": "token_blacklist.outstandingtoken",
      "fields": {
         "user": 1,
         "created_at": "2021-05-30T16:16:39.322Z",
         "expires_at": "2021-05-30T23:16:39Z",
         "jti": "7fb655b0b04e4856adda49b0326c8b51",
         "token": "eyJ0eXAiOiJKV1QiLCJhbGciOiJIUzI1NiJ9.eyJ0b2tlbl90eXBlIjoicmVmcmVzaCIsImV4cCI6MTYyMjQxNjU5OSwianRpIjoiN2ZiNjU1YjBiMDRlNDg1NmFkZGE0OWIwMzI2YzhiNTEiLCJ1c2VyX2lkIjoxfQ.O-PzCXim9ZYFfx1FW6EkaAcx6lDOhQPhORWbs5KQNl4"
      }
   },
   {
      "model": "token_blacklist.outstandingtoken",
      "fields": {
         "user": 1,
         "expires_at": "2021-05-31T21:55:49Z",
         "created_at": "2021-05-31T14:55:49.856Z",
         "jti": "e071f4c9c22849c08e288de1183a0af4",
         "token": "eyJ0eXAiOiJKV1QiLCJhbGciOiJIUzI1NiJ9.eyJ0b2tlbl90eXBlIjoicmVmcmVzaCIsImV4cCI6MTYyMjQ5ODE0OSwianRpIjoiZTA3MWY0YzljMjI4NDljMDhlMjg4ZGUxMTgzYTBhZjQiLCJ1c2VyX2lkIjoxfQ.KQs6V_uizx3AWU7sbpZ_hit-e9YRK79IQ3VvzAONuPI"
      },
      "pk": 34
   },
   {
      "pk": 35,
      "fields": {
         "jti": "29eb46d0a13849ba98e51de2b8c5037d",
         "token": "eyJ0eXAiOiJKV1QiLCJhbGciOiJIUzI1NiJ9.eyJ0b2tlbl90eXBlIjoicmVmcmVzaCIsImV4cCI6MTYyMjQ5ODIyMywianRpIjoiMjllYjQ2ZDBhMTM4NDliYTk4ZTUxZGUyYjhjNTAzN2QiLCJ1c2VyX2lkIjoxfQ.7Mv2OL17dZAhjwqt3K5EpHUeVAigPXwa6uZnG14ZFsk",
         "user": 1,
         "expires_at": "2021-05-31T21:57:03Z",
         "created_at": "2021-05-31T14:57:03.850Z"
      },
      "model": "token_blacklist.outstandingtoken"
   },
   {
      "pk": 36,
      "model": "token_blacklist.outstandingtoken",
      "fields": {
         "created_at": "2021-06-01T13:20:28.254Z",
         "expires_at": "2021-06-01T20:20:28Z",
         "user": 1,
         "token": "eyJ0eXAiOiJKV1QiLCJhbGciOiJIUzI1NiJ9.eyJ0b2tlbl90eXBlIjoicmVmcmVzaCIsImV4cCI6MTYyMjU3ODgyOCwianRpIjoiOTZjYTE2OGYyYTNlNGI5MmE0N2RmM2U5NTkwYTFhYWUiLCJ1c2VyX2lkIjoxfQ.XE6QFWbejgcjHxU05rvH1iO9DVksy1vrsoJ652hjUGg",
         "jti": "96ca168f2a3e4b92a47df3e9590a1aae"
      }
   },
   {
      "pk": 37,
      "model": "token_blacklist.outstandingtoken",
      "fields": {
         "token": "eyJ0eXAiOiJKV1QiLCJhbGciOiJIUzI1NiJ9.eyJ0b2tlbl90eXBlIjoicmVmcmVzaCIsImV4cCI6MTYyMjU3ODgyOCwianRpIjoiMmRiMmY5YmRjZjhlNDlhY2JhYThiZTFlM2ZiMzg0NDgiLCJ1c2VyX2lkIjoxfQ.Y6iDGAQB2eSBtxlU38He6zalZCInn4V6jBaSyekrV1k",
         "jti": "2db2f9bdcf8e49acbaa8be1e3fb38448",
         "expires_at": "2021-06-01T20:20:28Z",
         "created_at": "2021-06-01T13:20:28.703Z",
         "user": 1
      }
   },
   {
      "pk": 38,
      "model": "token_blacklist.outstandingtoken",
      "fields": {
         "token": "eyJ0eXAiOiJKV1QiLCJhbGciOiJIUzI1NiJ9.eyJ0b2tlbl90eXBlIjoicmVmcmVzaCIsImV4cCI6MTYyMjU3ODkwNCwianRpIjoiNWQ1NTlmMjNjMmViNGU2ODg4MzlmMzdiNWY5ZDJiZjciLCJ1c2VyX2lkIjoxfQ.GDgzGXc-zt6JxgRgbYKC-SbNgbrFn-JVv6KHzam_eVk",
         "jti": "5d559f23c2eb4e688839f37b5f9d2bf7",
         "created_at": "2021-06-01T13:21:44.445Z",
         "expires_at": "2021-06-01T20:21:44Z",
         "user": 1
      }
   },
   {
      "pk": 39,
      "model": "token_blacklist.outstandingtoken",
      "fields": {
         "expires_at": "2021-06-03T17:20:06Z",
         "created_at": "2021-06-03T10:20:06.584Z",
         "user": 1,
         "token": "eyJ0eXAiOiJKV1QiLCJhbGciOiJIUzI1NiJ9.eyJ0b2tlbl90eXBlIjoicmVmcmVzaCIsImV4cCI6MTYyMjc0MDgwNiwianRpIjoiMTY3ODIxNGVhYmYzNDgzN2JmODYzMzZkMGMzYjdkYzkiLCJ1c2VyX2lkIjoxfQ.nilf6_6W6be0NclD-vnO9UG9ss1TBwjhOxuArOWgVes",
         "jti": "1678214eabf34837bf86336d0c3b7dc9"
      }
   },
   {
      "pk": 40,
      "fields": {
         "created_at": "2021-06-03T10:21:54.661Z",
         "expires_at": "2021-06-03T17:21:54Z",
         "user": 1,
         "token": "eyJ0eXAiOiJKV1QiLCJhbGciOiJIUzI1NiJ9.eyJ0b2tlbl90eXBlIjoicmVmcmVzaCIsImV4cCI6MTYyMjc0MDkxNCwianRpIjoiNTE5YWM0NTZlNmViNGMxNWIxZDczMTg2NWRkYWE3MmMiLCJ1c2VyX2lkIjoxfQ.V3ndHR7UTFHdtoMuToURPSH0cGvDUq4IuOkE-hG5F1Q",
         "jti": "519ac456e6eb4c15b1d731865ddaa72c"
      },
      "model": "token_blacklist.outstandingtoken"
   },
   {
      "pk": 41,
      "model": "token_blacklist.outstandingtoken",
      "fields": {
         "user": 2,
         "expires_at": "2021-06-03T22:38:47Z",
         "created_at": "2021-06-03T15:38:47.206Z",
         "jti": "61ff03e3e81540fc89b3d6a810a2429a",
         "token": "eyJ0eXAiOiJKV1QiLCJhbGciOiJIUzI1NiJ9.eyJ0b2tlbl90eXBlIjoicmVmcmVzaCIsImV4cCI6MTYyMjc1OTkyNywianRpIjoiNjFmZjAzZTNlODE1NDBmYzg5YjNkNmE4MTBhMjQyOWEiLCJ1c2VyX2lkIjoyfQ.GQm1DUQGRfPyhERD7e0dbIgEvUou5wvzWLmzQ0yhAGk"
      }
   },
   {
      "fields": {
         "jti": "c20cfa3b46ea41ada42d8dea0576c578",
         "token": "eyJ0eXAiOiJKV1QiLCJhbGciOiJIUzI1NiJ9.eyJ0b2tlbl90eXBlIjoicmVmcmVzaCIsImV4cCI6MTYyMjc1OTk2OCwianRpIjoiYzIwY2ZhM2I0NmVhNDFhZGE0MmQ4ZGVhMDU3NmM1NzgiLCJ1c2VyX2lkIjoyfQ.nLAjMzm5dFtMoBMKMpwsTCMrGzXRHtPOcOGhSXkAxrM",
         "user": 2,
         "created_at": "2021-06-03T15:39:28.168Z",
         "expires_at": "2021-06-03T22:39:28Z"
      },
      "model": "token_blacklist.outstandingtoken",
      "pk": 42
   },
   {
      "pk": 43,
      "model": "token_blacklist.outstandingtoken",
      "fields": {
         "user": 1,
         "created_at": "2021-06-04T17:02:00.201Z",
         "expires_at": "2021-06-05T00:02:00Z",
         "jti": "9c1a65d507a04ebcaa0806928d7da038",
         "token": "eyJ0eXAiOiJKV1QiLCJhbGciOiJIUzI1NiJ9.eyJ0b2tlbl90eXBlIjoicmVmcmVzaCIsImV4cCI6MTYyMjg1MTMyMCwianRpIjoiOWMxYTY1ZDUwN2EwNGViY2FhMDgwNjkyOGQ3ZGEwMzgiLCJ1c2VyX2lkIjoxfQ._6v0A80bEsfSDrvw7boKulX2wTbCSp__xKSBCeNbP-I"
      }
   },
   {
      "fields": {
         "token": "eyJ0eXAiOiJKV1QiLCJhbGciOiJIUzI1NiJ9.eyJ0b2tlbl90eXBlIjoicmVmcmVzaCIsImV4cCI6MTYyMjg1MTMyMCwianRpIjoiMTk1MWRjMTg2OWIzNDI5Njk5NDAwMjE4YmI4ZGUzNWQiLCJ1c2VyX2lkIjoxfQ.j0hafZ42dQNeMUIjKTKWJGjRLAU8P944-SCm8GEAWko",
         "jti": "1951dc1869b3429699400218bb8de35d",
         "created_at": "2021-06-04T17:02:00.337Z",
         "expires_at": "2021-06-05T00:02:00Z",
         "user": 1
      },
      "model": "token_blacklist.outstandingtoken",
      "pk": 44
   },
   {
      "pk": 45,
      "model": "token_blacklist.outstandingtoken",
      "fields": {
         "user": 1,
         "created_at": "2021-06-07T12:17:36.929Z",
         "expires_at": "2021-06-07T19:17:36Z",
         "jti": "ae6635d4799248c4b31f96577f2ad4e8",
         "token": "eyJ0eXAiOiJKV1QiLCJhbGciOiJIUzI1NiJ9.eyJ0b2tlbl90eXBlIjoicmVmcmVzaCIsImV4cCI6MTYyMzA5MzQ1NiwianRpIjoiYWU2NjM1ZDQ3OTkyNDhjNGIzMWY5NjU3N2YyYWQ0ZTgiLCJ1c2VyX2lkIjoxfQ.IUV3rzAK_mU0myPT4yCSmufKXjyYlF1_O_YNDVx1IJs"
      }
   },
   {
      "model": "token_blacklist.outstandingtoken",
      "fields": {
         "user": 1,
         "expires_at": "2021-06-14T16:36:10Z",
         "created_at": "2021-06-14T09:36:10.052Z",
         "jti": "33972ed313cc4c3b8240b5de8c133f73",
         "token": "eyJ0eXAiOiJKV1QiLCJhbGciOiJIUzI1NiJ9.eyJ0b2tlbl90eXBlIjoicmVmcmVzaCIsImV4cCI6MTYyMzY4ODU3MCwianRpIjoiMzM5NzJlZDMxM2NjNGMzYjgyNDBiNWRlOGMxMzNmNzMiLCJ1c2VyX2lkIjoxfQ.gbqev5NMzbDgHuvjQCGDYjOo6bh0h7AxqcCbeLjSJpc"
      },
      "pk": 46
   },
   {
      "fields": {
         "user": 1,
         "expires_at": "2021-06-14T16:36:10Z",
         "created_at": "2021-06-14T09:36:10.786Z",
         "jti": "2917716b39424f75b5cd69b684d096b3",
         "token": "eyJ0eXAiOiJKV1QiLCJhbGciOiJIUzI1NiJ9.eyJ0b2tlbl90eXBlIjoicmVmcmVzaCIsImV4cCI6MTYyMzY4ODU3MCwianRpIjoiMjkxNzcxNmIzOTQyNGY3NWI1Y2Q2OWI2ODRkMDk2YjMiLCJ1c2VyX2lkIjoxfQ.P4dS44fFWsBKgAYuPOkQFay7JqLoneFen4u1R6ERjEQ"
      },
      "model": "token_blacklist.outstandingtoken",
      "pk": 47
   },
   {
      "pk": 48,
      "model": "token_blacklist.outstandingtoken",
      "fields": {
         "user": 1,
         "expires_at": "2021-06-26T21:24:18Z",
         "created_at": "2021-06-26T14:24:18.618Z",
         "jti": "93946eac6f494b7a8a05c8605f7420cd",
         "token": "eyJ0eXAiOiJKV1QiLCJhbGciOiJIUzI1NiJ9.eyJ0b2tlbl90eXBlIjoicmVmcmVzaCIsImV4cCI6MTYyNDc0MjY1OCwianRpIjoiOTM5NDZlYWM2ZjQ5NGI3YThhMDVjODYwNWY3NDIwY2QiLCJ1c2VyX2lkIjoxfQ.GyG-r2OeJIMFxSoukwd3KVd5jgZbu6ycVdqlEBPaWHk"
      }
   },
   {
      "model": "token_blacklist.outstandingtoken",
      "fields": {
         "token": "eyJ0eXAiOiJKV1QiLCJhbGciOiJIUzI1NiJ9.eyJ0b2tlbl90eXBlIjoicmVmcmVzaCIsImV4cCI6MTYyNDc0MjY2MCwianRpIjoiOTNiNmFkODlmNGM2NDQ2OThlODUyOTg2N2EwN2Y5M2IiLCJ1c2VyX2lkIjoxfQ.M1fPhP2MDzYMaETDPMdgiXSgd2ru23_DEUI-wqBwN1Y",
         "jti": "93b6ad89f4c644698e8529867a07f93b",
         "created_at": "2021-06-26T14:24:20.760Z",
         "expires_at": "2021-06-26T21:24:20Z",
         "user": 1
      },
      "pk": 49
   },
   {
      "pk": 50,
      "model": "token_blacklist.outstandingtoken",
      "fields": {
         "user": 2,
         "expires_at": "2021-07-01T12:31:41Z",
         "created_at": "2021-07-01T05:31:41.528Z",
         "jti": "b655af034dae402c9d22969a0c817425",
         "token": "eyJ0eXAiOiJKV1QiLCJhbGciOiJIUzI1NiJ9.eyJ0b2tlbl90eXBlIjoicmVmcmVzaCIsImV4cCI6MTYyNTE0MjcwMSwianRpIjoiYjY1NWFmMDM0ZGFlNDAyYzlkMjI5NjlhMGM4MTc0MjUiLCJ1c2VyX2lkIjoyfQ.EGrKlZQ2DdSDPV4xg29JxbOI4owCzmeoqNFtObSYLzo"
      }
   },
   {
      "model": "token_blacklist.blacklistedtoken",
      "fields": {
         "blacklisted_at": "2021-03-24T13:49:54.565Z",
         "token": 1
      },
      "pk": 1
   },
   {
      "model": "token_blacklist.blacklistedtoken",
      "fields": {
         "blacklisted_at": "2021-06-03T15:39:05.927Z",
         "token": 41
      },
      "pk": 2
   },
   {
      "model": "token_blacklist.blacklistedtoken",
      "fields": {
         "token": 42,
         "blacklisted_at": "2021-06-03T15:40:50.623Z"
      },
      "pk": 3
   },
   {
      "pk": 4,
      "model": "token_blacklist.blacklistedtoken",
      "fields": {
         "blacklisted_at": "2021-07-01T05:33:26.694Z",
         "token": 50
      }
   }
]
